[debug] [2026-05-19T13:41:14.569Z] ----------------------------------------------------------------------
[debug] [2026-05-19T13:41:14.574Z] Command:       C:\nvm4w\nodejs\node.exe C:\Users\umair\AppData\Roaming\npm\node_modules\firebase-tools\lib\bin\firebase.js deploy
[debug] [2026-05-19T13:41:14.575Z] CLI Version:   14.27.0
[debug] [2026-05-19T13:41:14.576Z] Platform:      win32
[debug] [2026-05-19T13:41:14.576Z] Node Version:  v20.19.4
[debug] [2026-05-19T13:41:14.576Z] Time:          Tue May 19 2026 19:11:14 GMT+0530 (India Standard Time)
[debug] [2026-05-19T13:41:14.576Z] ----------------------------------------------------------------------
[debug] 
[debug] [2026-05-19T13:41:14.985Z] > command requires scopes: ["email","openid","https://www.googleapis.com/auth/cloudplatformprojects.readonly","https://www.googleapis.com/auth/firebase","https://www.googleapis.com/auth/cloud-platform"]
[debug] [2026-05-19T13:41:14.985Z] > authorizing via signed-in user (umair64066@gmail.com)
[debug] [2026-05-19T13:41:14.986Z] [iam] checking project sample-firebase-ai-appj-9c9fa for permissions ["cloudfunctions.functions.create","cloudfunctions.functions.delete","cloudfunctions.functions.get","cloudfunctions.functions.list","cloudfunctions.functions.update","cloudfunctions.operations.get","firebase.projects.get","firebasehosting.sites.update"]
[debug] [2026-05-19T13:41:14.988Z] Checked if tokens are valid: true, expires at: 1779200491693
[debug] [2026-05-19T13:41:14.988Z] Checked if tokens are valid: true, expires at: 1779200491693
[debug] [2026-05-19T13:41:14.990Z] >>> [apiv2][query] POST https://cloudresourcemanager.googleapis.com/v1/projects/sample-firebase-ai-appj-9c9fa:testIamPermissions [none]
[debug] [2026-05-19T13:41:14.991Z] >>> [apiv2][(partial)header] POST https://cloudresourcemanager.googleapis.com/v1/projects/sample-firebase-ai-appj-9c9fa:testIamPermissions x-goog-quota-user=projects/sample-firebase-ai-appj-9c9fa
[debug] [2026-05-19T13:41:14.991Z] >>> [apiv2][body] POST https://cloudresourcemanager.googleapis.com/v1/projects/sample-firebase-ai-appj-9c9fa:testIamPermissions {"permissions":["cloudfunctions.functions.create","cloudfunctions.functions.delete","cloudfunctions.functions.get","cloudfunctions.functions.list","cloudfunctions.functions.update","cloudfunctions.operations.get","firebase.projects.get","firebasehosting.sites.update"]}
[debug] [2026-05-19T13:41:15.763Z] <<< [apiv2][status] POST https://cloudresourcemanager.googleapis.com/v1/projects/sample-firebase-ai-appj-9c9fa:testIamPermissions 200
[debug] [2026-05-19T13:41:15.763Z] <<< [apiv2][body] POST https://cloudresourcemanager.googleapis.com/v1/projects/sample-firebase-ai-appj-9c9fa:testIamPermissions {"permissions":["cloudfunctions.functions.create","cloudfunctions.functions.delete","cloudfunctions.functions.get","cloudfunctions.functions.list","cloudfunctions.functions.update","cloudfunctions.operations.get","firebase.projects.get","firebasehosting.sites.update"]}
[debug] [2026-05-19T13:41:15.764Z] Checked if tokens are valid: true, expires at: 1779200491693
[debug] [2026-05-19T13:41:15.764Z] Checked if tokens are valid: true, expires at: 1779200491693
[debug] [2026-05-19T13:41:15.764Z] >>> [apiv2][query] POST https://iam.googleapis.com/v1/projects/sample-firebase-ai-appj-9c9fa/serviceAccounts/sample-firebase-ai-appj-9c9fa@appspot.gserviceaccount.com:testIamPermissions [none]
[debug] [2026-05-19T13:41:15.764Z] >>> [apiv2][body] POST https://iam.googleapis.com/v1/projects/sample-firebase-ai-appj-9c9fa/serviceAccounts/sample-firebase-ai-appj-9c9fa@appspot.gserviceaccount.com:testIamPermissions {"permissions":["iam.serviceAccounts.actAs"]}
[debug] [2026-05-19T13:41:18.152Z] <<< [apiv2][status] POST https://iam.googleapis.com/v1/projects/sample-firebase-ai-appj-9c9fa/serviceAccounts/sample-firebase-ai-appj-9c9fa@appspot.gserviceaccount.com:testIamPermissions 200
[debug] [2026-05-19T13:41:18.152Z] <<< [apiv2][body] POST https://iam.googleapis.com/v1/projects/sample-firebase-ai-appj-9c9fa/serviceAccounts/sample-firebase-ai-appj-9c9fa@appspot.gserviceaccount.com:testIamPermissions {"permissions":["iam.serviceAccounts.actAs"]}
[debug] [2026-05-19T13:41:18.153Z] Checked if tokens are valid: true, expires at: 1779200491693
[debug] [2026-05-19T13:41:18.154Z] Checked if tokens are valid: true, expires at: 1779200491693
[debug] [2026-05-19T13:41:18.154Z] >>> [apiv2][query] GET https://firebase.googleapis.com/v1beta1/projects/sample-firebase-ai-appj-9c9fa [none]
[debug] [2026-05-19T13:41:19.150Z] <<< [apiv2][status] GET https://firebase.googleapis.com/v1beta1/projects/sample-firebase-ai-appj-9c9fa 200
[debug] [2026-05-19T13:41:19.151Z] <<< [apiv2][body] GET https://firebase.googleapis.com/v1beta1/projects/sample-firebase-ai-appj-9c9fa {"projectId":"sample-firebase-ai-appj-9c9fa","projectNumber":"1021398475556","displayName":"anime","name":"projects/sample-firebase-ai-appj-9c9fa","resources":{"hostingSite":"sample-firebase-ai-appj-9c9fa"},"state":"ACTIVE","etag":"1_4a2cbbde-33c8-4663-99dc-fb4b9b1f3cbd"}
[info] 
[info] === Deploying to 'sample-firebase-ai-appj-9c9fa'...
[info] 
[info] i  deploying functions, hosting 
[debug] [2026-05-19T13:41:19.159Z] Checked if tokens are valid: true, expires at: 1779200491693
[debug] [2026-05-19T13:41:19.159Z] Checked if tokens are valid: true, expires at: 1779200491693
[debug] [2026-05-19T13:41:19.160Z] >>> [apiv2][query] GET https://cloudresourcemanager.googleapis.com/v1/projects/sample-firebase-ai-appj-9c9fa [none]
[debug] [2026-05-19T13:41:20.394Z] <<< [apiv2][status] GET https://cloudresourcemanager.googleapis.com/v1/projects/sample-firebase-ai-appj-9c9fa 200
[debug] [2026-05-19T13:41:20.394Z] <<< [apiv2][body] GET https://cloudresourcemanager.googleapis.com/v1/projects/sample-firebase-ai-appj-9c9fa {"projectNumber":"1021398475556","projectId":"sample-firebase-ai-appj-9c9fa","lifecycleState":"ACTIVE","name":"anime","labels":{"firebase":"enabled","firebase-core":"disabled"},"createTime":"2025-01-11T07:00:26.760001Z"}
[info] i  functions: preparing codebase default for deployment 
[info] i  functions: ensuring required API cloudfunctions.googleapis.com is enabled... 
[info] i  functions: ensuring required API cloudbuild.googleapis.com is enabled... 
[info] i  artifactregistry: ensuring required API artifactregistry.googleapis.com is enabled... 
[debug] [2026-05-19T13:41:20.399Z] Checked if tokens are valid: true, expires at: 1779200491693
[debug] [2026-05-19T13:41:20.399Z] Checked if tokens are valid: true, expires at: 1779200491693
[debug] [2026-05-19T13:41:20.399Z] >>> [apiv2][query] GET https://firebase.googleapis.com/v1beta1/projects/sample-firebase-ai-appj-9c9fa/adminSdkConfig [none]
[debug] [2026-05-19T13:41:22.453Z] <<< [apiv2][status] GET https://firebase.googleapis.com/v1beta1/projects/sample-firebase-ai-appj-9c9fa/adminSdkConfig 200
[debug] [2026-05-19T13:41:22.453Z] <<< [apiv2][body] GET https://firebase.googleapis.com/v1beta1/projects/sample-firebase-ai-appj-9c9fa/adminSdkConfig {"projectId":"sample-firebase-ai-appj-9c9fa","storageBucket":"sample-firebase-ai-appj-9c9fa.firebasestorage.app"}
[debug] [2026-05-19T13:41:22.454Z] Checked if tokens are valid: true, expires at: 1779200491693
[debug] [2026-05-19T13:41:22.454Z] Checked if tokens are valid: true, expires at: 1779200491693
[debug] [2026-05-19T13:41:22.454Z] >>> [apiv2][query] GET https://runtimeconfig.googleapis.com/v1beta1/projects/sample-firebase-ai-appj-9c9fa/configs [none]
[debug] [2026-05-19T13:41:23.411Z] <<< [apiv2][status] GET https://runtimeconfig.googleapis.com/v1beta1/projects/sample-firebase-ai-appj-9c9fa/configs 200
[debug] [2026-05-19T13:41:23.411Z] <<< [apiv2][body] GET https://runtimeconfig.googleapis.com/v1beta1/projects/sample-firebase-ai-appj-9c9fa/configs {}
[debug] [2026-05-19T13:41:23.414Z] Validating nodejs source
[warn] !  functions: Runtime Node.js 20 was deprecated on 2026-04-30 and will be decommissioned on 2026-10-30, after which you will not be able to deploy without upgrading. Consider upgrading now to avoid disruption. See https://cloud.google.com/functions/docs/runtime-support for full details on the lifecycle policy 
[warn] !  functions: package.json indicates an outdated version of firebase-functions. Please upgrade using npm install --save firebase-functions@latest in your functions directory. 
[warn] !  functions: Please note that there will be breaking changes when you upgrade. 
[debug] [2026-05-19T13:41:25.136Z] > [functions] package.json contents: {
  "name": "qf-auth-proxy",
  "version": "1.0.0",
  "main": "index.js",
  "engines": {
    "node": "20"
  },
  "dependencies": {
    "firebase-functions": "^6.3.2",
    "firebase-admin": "^13.2.0"
  },
  "private": true
}
[debug] [2026-05-19T13:41:25.136Z] Building nodejs source
[info] i  functions: Loading and analyzing source code for codebase default to determine what to deploy 
[debug] [2026-05-19T13:41:25.138Z] Could not find functions.yaml. Must use http discovery
[debug] [2026-05-19T13:41:25.157Z] Found firebase-functions binary at 'D:\gh\quran-api-trial\functions\node_modules\.bin\firebase-functions'
[info] Serving at port 8405

[debug] [2026-05-19T13:41:26.221Z] Got response from /__/functions.yaml {"endpoints":{"exchange":{"availableMemoryMb":null,"timeoutSeconds":null,"minInstances":null,"maxInstances":null,"ingressSettings":null,"concurrency":null,"serviceAccountEmail":null,"vpc":null,"platform":"gcfv2","labels":{},"httpsTrigger":{},"entryPoint":"exchange"},"refresh":{"availableMemoryMb":null,"timeoutSeconds":null,"minInstances":null,"maxInstances":null,"ingressSettings":null,"concurrency":null,"serviceAccountEmail":null,"vpc":null,"platform":"gcfv2","labels":{},"httpsTrigger":{},"entryPoint":"refresh"}},"specVersion":"v1alpha1","requiredAPIs":[],"extensions":{}}
[info] i  extensions: ensuring required API firebaseextensions.googleapis.com is enabled... 
[debug] [2026-05-19T13:41:30.290Z] > command requires scopes: ["email","openid","https://www.googleapis.com/auth/cloudplatformprojects.readonly","https://www.googleapis.com/auth/firebase","https://www.googleapis.com/auth/cloud-platform"]
[debug] [2026-05-19T13:41:30.291Z] > authorizing via signed-in user (umair64066@gmail.com)
[debug] [2026-05-19T13:41:30.291Z] [iam] checking project sample-firebase-ai-appj-9c9fa for permissions ["firebase.projects.get","firebaseextensions.instances.list"]
[debug] [2026-05-19T13:41:30.292Z] Checked if tokens are valid: true, expires at: 1779200491693
[debug] [2026-05-19T13:41:30.292Z] Checked if tokens are valid: true, expires at: 1779200491693
[debug] [2026-05-19T13:41:30.293Z] >>> [apiv2][query] POST https://cloudresourcemanager.googleapis.com/v1/projects/sample-firebase-ai-appj-9c9fa:testIamPermissions [none]
[debug] [2026-05-19T13:41:30.293Z] >>> [apiv2][(partial)header] POST https://cloudresourcemanager.googleapis.com/v1/projects/sample-firebase-ai-appj-9c9fa:testIamPermissions x-goog-quota-user=projects/sample-firebase-ai-appj-9c9fa
[debug] [2026-05-19T13:41:30.294Z] >>> [apiv2][body] POST https://cloudresourcemanager.googleapis.com/v1/projects/sample-firebase-ai-appj-9c9fa:testIamPermissions {"permissions":["firebase.projects.get","firebaseextensions.instances.list"]}
[debug] [2026-05-19T13:41:31.974Z] <<< [apiv2][status] POST https://cloudresourcemanager.googleapis.com/v1/projects/sample-firebase-ai-appj-9c9fa:testIamPermissions 200
[debug] [2026-05-19T13:41:31.974Z] <<< [apiv2][body] POST https://cloudresourcemanager.googleapis.com/v1/projects/sample-firebase-ai-appj-9c9fa:testIamPermissions {"permissions":["firebase.projects.get","firebaseextensions.instances.list"]}
[debug] [2026-05-19T13:41:31.975Z] Checked if tokens are valid: true, expires at: 1779200491693
[debug] [2026-05-19T13:41:31.975Z] Checked if tokens are valid: true, expires at: 1779200491693
[debug] [2026-05-19T13:41:31.977Z] >>> [apiv2][query] GET https://firebaseextensions.googleapis.com/v1beta/projects/sample-firebase-ai-appj-9c9fa/instances pageSize=100&pageToken=
[debug] [2026-05-19T13:41:34.032Z] <<< [apiv2][status] GET https://firebaseextensions.googleapis.com/v1beta/projects/sample-firebase-ai-appj-9c9fa/instances 200
[debug] [2026-05-19T13:41:34.032Z] <<< [apiv2][body] GET https://firebaseextensions.googleapis.com/v1beta/projects/sample-firebase-ai-appj-9c9fa/instances {}
[info] i  functions: preparing functions directory for uploading... 
[info] i  functions: packaged D:\gh\quran-api-trial\functions (33.14 KB) for uploading 
[debug] [2026-05-19T13:41:34.146Z] Checked if tokens are valid: true, expires at: 1779200491693
[debug] [2026-05-19T13:41:34.146Z] Checked if tokens are valid: true, expires at: 1779200491693
[debug] [2026-05-19T13:41:34.147Z] >>> [apiv2][query] GET https://cloudfunctions.googleapis.com/v1/projects/sample-firebase-ai-appj-9c9fa/locations/-/functions [none]
[debug] [2026-05-19T13:41:35.373Z] <<< [apiv2][status] GET https://cloudfunctions.googleapis.com/v1/projects/sample-firebase-ai-appj-9c9fa/locations/-/functions 200
[debug] [2026-05-19T13:41:35.374Z] <<< [apiv2][body] GET https://cloudfunctions.googleapis.com/v1/projects/sample-firebase-ai-appj-9c9fa/locations/-/functions {}
[debug] [2026-05-19T13:41:35.374Z] Checked if tokens are valid: true, expires at: 1779200491693
[debug] [2026-05-19T13:41:35.374Z] Checked if tokens are valid: true, expires at: 1779200491693
[debug] [2026-05-19T13:41:35.375Z] >>> [apiv2][query] GET https://cloudfunctions.googleapis.com/v2/projects/sample-firebase-ai-appj-9c9fa/locations/-/functions filter=environment%3D%22GEN_2%22
[debug] [2026-05-19T13:41:37.211Z] <<< [apiv2][status] GET https://cloudfunctions.googleapis.com/v2/projects/sample-firebase-ai-appj-9c9fa/locations/-/functions 200
[debug] [2026-05-19T13:41:37.211Z] <<< [apiv2][body] GET https://cloudfunctions.googleapis.com/v2/projects/sample-firebase-ai-appj-9c9fa/locations/-/functions {"functions":[{"name":"projects/sample-firebase-ai-appj-9c9fa/locations/us-central1/functions/refresh","buildConfig":{"build":"projects/1021398475556/locations/us-central1/builds/fd7c3adc-f128-422e-93fa-0b9736b76dda","runtime":"nodejs20","entryPoint":"refresh","source":{"storageSource":{"bucket":"gcf-v2-sources-1021398475556-us-central1","object":"refresh/function-source.zip","generation":"1779184743152055"}},"environmentVariables":{"GOOGLE_NODE_RUN_SCRIPTS":""},"dockerRepository":"projects/sample-firebase-ai-appj-9c9fa/locations/us-central1/repositories/gcf-artifacts","sourceProvenance":{"resolvedStorageSource":{"bucket":"gcf-v2-sources-1021398475556-us-central1","object":"refresh/function-source.zip","generation":"1779184743152055"}},"dockerRegistry":"ARTIFACT_REGISTRY","serviceAccount":"projects/sample-firebase-ai-appj-9c9fa/serviceAccounts/1021398475556-compute@developer.gserviceaccount.com","automaticUpdatePolicy":{}},"serviceConfig":{"service":"projects/sample-firebase-ai-appj-9c9fa/locations/us-central1/services/refresh","timeoutSeconds":60,"environmentVariables":{"FIREBASE_CONFIG":"{\"projectId\":\"sample-firebase-ai-appj-9c9fa\",\"storageBucket\":\"sample-firebase-ai-appj-9c9fa.firebasestorage.app\"}","GCLOUD_PROJECT":"sample-firebase-ai-appj-9c9fa","EVENTARC_CLOUD_EVENT_SOURCE":"projects/sample-firebase-ai-appj-9c9fa/locations/us-central1/services/refresh","FUNCTION_TARGET":"refresh","LOG_EXECUTION_ID":"true","FUNCTION_SIGNATURE_TYPE":"http"},"maxInstanceCount":3,"ingressSettings":"ALLOW_ALL","uri":"https://refresh-hyh6wpyjpq-uc.a.run.app","serviceAccountEmail":"1021398475556-compute@developer.gserviceaccount.com","availableMemory":"256Mi","allTrafficOnLatestRevision":true,"revision":"refresh-00004-cub","maxInstanceRequestConcurrency":80,"availableCpu":"1"},"state":"ACTIVE","updateTime":"2026-05-19T09:59:21.742672099Z","labels":{"deployment-tool":"cli-firebase","firebase-functions-hash":"b7d7cca5cc57ed5f075796c4e2b8e940a37f7928"},"environment":"GEN_2","url":"https://us-central1-sample-firebase-ai-appj-9c9fa.cloudfunctions.net/refresh","createTime":"2026-05-16T08:47:55.140327047Z","satisfiesPzi":true},{"name":"projects/sample-firebase-ai-appj-9c9fa/locations/us-central1/functions/exchange","buildConfig":{"build":"projects/1021398475556/locations/us-central1/builds/fd7c3adc-f128-422e-93fa-0b9736b76dda","runtime":"nodejs20","entryPoint":"exchange","source":{"storageSource":{"bucket":"gcf-v2-sources-1021398475556-us-central1","object":"exchange/function-source.zip","generation":"1779184704066998"}},"environmentVariables":{"GOOGLE_NODE_RUN_SCRIPTS":""},"dockerRepository":"projects/sample-firebase-ai-appj-9c9fa/locations/us-central1/repositories/gcf-artifacts","sourceProvenance":{"resolvedStorageSource":{"bucket":"gcf-v2-sources-1021398475556-us-central1","object":"exchange/function-source.zip","generation":"1779184704066998"}},"dockerRegistry":"ARTIFACT_REGISTRY","serviceAccount":"projects/sample-firebase-ai-appj-9c9fa/serviceAccounts/1021398475556-compute@developer.gserviceaccount.com","automaticUpdatePolicy":{}},"serviceConfig":{"service":"projects/sample-firebase-ai-appj-9c9fa/locations/us-central1/services/exchange","timeoutSeconds":60,"environmentVariables":{"FIREBASE_CONFIG":"{\"projectId\":\"sample-firebase-ai-appj-9c9fa\",\"storageBucket\":\"sample-firebase-ai-appj-9c9fa.firebasestorage.app\"}","GCLOUD_PROJECT":"sample-firebase-ai-appj-9c9fa","EVENTARC_CLOUD_EVENT_SOURCE":"projects/sample-firebase-ai-appj-9c9fa/locations/us-central1/services/exchange","FUNCTION_TARGET":"exchange","LOG_EXECUTION_ID":"true"},"maxInstanceCount":3,"ingressSettings":"ALLOW_ALL","uri":"https://exchange-hyh6wpyjpq-uc.a.run.app","serviceAccountEmail":"1021398475556-compute@developer.gserviceaccount.com","availableMemory":"256Mi","allTrafficOnLatestRevision":true,"revision":"exchange-00004-nap","maxInstanceRequestConcurrency":80,"availableCpu":"1"},"state":"ACTIVE","updateTime":"2026-05-19T09:59:23.175049494Z","labels":{"deployment-tool":"cli-firebase","firebase-functions-hash":"b7d7cca5cc57ed5f075796c4e2b8e940a37f7928"},"environment":"GEN_2","url":"https://us-central1-sample-firebase-ai-appj-9c9fa.cloudfunctions.net/exchange","createTime":"2026-05-15T19:52:45.043612631Z","satisfiesPzi":true}]}
[info] i  functions: ensuring required API run.googleapis.com is enabled... 
[info] i  functions: ensuring required API eventarc.googleapis.com is enabled... 
[info] i  functions: ensuring required API pubsub.googleapis.com is enabled... 
[info] i  functions: ensuring required API storage.googleapis.com is enabled... 
[info] i  functions: generating the service identity for pubsub.googleapis.com... 
[debug] [2026-05-19T13:41:37.222Z] Checked if tokens are valid: true, expires at: 1779200491693
[debug] [2026-05-19T13:41:37.222Z] Checked if tokens are valid: true, expires at: 1779200491693
[info] i  functions: generating the service identity for eventarc.googleapis.com... 
[debug] [2026-05-19T13:41:37.222Z] Checked if tokens are valid: true, expires at: 1779200491693
[debug] [2026-05-19T13:41:37.222Z] Checked if tokens are valid: true, expires at: 1779200491693
[debug] [2026-05-19T13:41:37.223Z] >>> [apiv2][query] POST https://serviceusage.googleapis.com/v1beta1/projects/1021398475556/services/pubsub.googleapis.com:generateServiceIdentity [none]
[debug] [2026-05-19T13:41:37.223Z] >>> [apiv2][(partial)header] POST https://serviceusage.googleapis.com/v1beta1/projects/1021398475556/services/pubsub.googleapis.com:generateServiceIdentity x-goog-quota-user=projects/1021398475556
[debug] [2026-05-19T13:41:37.223Z] >>> [apiv2][body] POST https://serviceusage.googleapis.com/v1beta1/projects/1021398475556/services/pubsub.googleapis.com:generateServiceIdentity {}
[debug] [2026-05-19T13:41:37.226Z] >>> [apiv2][query] POST https://serviceusage.googleapis.com/v1beta1/projects/1021398475556/services/eventarc.googleapis.com:generateServiceIdentity [none]
[debug] [2026-05-19T13:41:37.226Z] >>> [apiv2][(partial)header] POST https://serviceusage.googleapis.com/v1beta1/projects/1021398475556/services/eventarc.googleapis.com:generateServiceIdentity x-goog-quota-user=projects/1021398475556
[debug] [2026-05-19T13:41:37.226Z] >>> [apiv2][body] POST https://serviceusage.googleapis.com/v1beta1/projects/1021398475556/services/eventarc.googleapis.com:generateServiceIdentity {}
[debug] [2026-05-19T13:41:39.672Z] <<< [apiv2][status] POST https://serviceusage.googleapis.com/v1beta1/projects/1021398475556/services/eventarc.googleapis.com:generateServiceIdentity 200
[debug] [2026-05-19T13:41:39.673Z] <<< [apiv2][body] POST https://serviceusage.googleapis.com/v1beta1/projects/1021398475556/services/eventarc.googleapis.com:generateServiceIdentity {"name":"operations/finished.DONE_OPERATION","done":true,"response":{"@type":"type.googleapis.com/google.api.serviceusage.v1beta1.ServiceIdentity","email":"service-1021398475556@gcp-sa-eventarc.iam.gserviceaccount.com","uniqueId":"108609321400199426057"}}
[debug] [2026-05-19T13:41:39.679Z] <<< [apiv2][status] POST https://serviceusage.googleapis.com/v1beta1/projects/1021398475556/services/pubsub.googleapis.com:generateServiceIdentity 200
[debug] [2026-05-19T13:41:39.679Z] <<< [apiv2][body] POST https://serviceusage.googleapis.com/v1beta1/projects/1021398475556/services/pubsub.googleapis.com:generateServiceIdentity {"name":"operations/finished.DONE_OPERATION","done":true,"response":{"@type":"type.googleapis.com/google.api.serviceusage.v1beta1.ServiceIdentity","email":"service-1021398475556@gcp-sa-pubsub.iam.gserviceaccount.com","uniqueId":"103389462324779009153"}}
[debug] [2026-05-19T13:41:39.683Z] Checked if tokens are valid: true, expires at: 1779200491693
[debug] [2026-05-19T13:41:39.684Z] Checked if tokens are valid: true, expires at: 1779200491693
[debug] [2026-05-19T13:41:39.684Z] >>> [apiv2][query] GET https://cloudresourcemanager.googleapis.com/v1/projects/sample-firebase-ai-appj-9c9fa [none]
[debug] [2026-05-19T13:41:40.318Z] <<< [apiv2][status] GET https://cloudresourcemanager.googleapis.com/v1/projects/sample-firebase-ai-appj-9c9fa 200
[debug] [2026-05-19T13:41:40.319Z] <<< [apiv2][body] GET https://cloudresourcemanager.googleapis.com/v1/projects/sample-firebase-ai-appj-9c9fa {"projectNumber":"1021398475556","projectId":"sample-firebase-ai-appj-9c9fa","lifecycleState":"ACTIVE","name":"anime","labels":{"firebase":"enabled","firebase-core":"disabled"},"createTime":"2025-01-11T07:00:26.760001Z"}
[debug] [2026-05-19T13:41:40.320Z] Checked if tokens are valid: true, expires at: 1779200491693
[debug] [2026-05-19T13:41:40.320Z] Checked if tokens are valid: true, expires at: 1779200491693
[debug] [2026-05-19T13:41:40.320Z] >>> [apiv2][query] GET https://compute.googleapis.com/compute/v1/projects/1021398475556 [none]
[debug] [2026-05-19T13:41:41.312Z] <<< [apiv2][status] GET https://compute.googleapis.com/compute/v1/projects/1021398475556 403
[debug] [2026-05-19T13:41:41.312Z] <<< [apiv2][body] GET https://compute.googleapis.com/compute/v1/projects/1021398475556 {"error":{"code":403,"message":"Compute Engine API has not been used in project 1021398475556 before or it is disabled. Enable it by visiting https://console.developers.google.com/apis/api/compute.googleapis.com/overview?project=1021398475556 then retry. If you enabled this API recently, wait a few minutes for the action to propagate to our systems and retry.","errors":[{"message":"Compute Engine API has not been used in project 1021398475556 before or it is disabled. Enable it by visiting https://console.developers.google.com/apis/api/compute.googleapis.com/overview?project=1021398475556 then retry. If you enabled this API recently, wait a few minutes for the action to propagate to our systems and retry.","domain":"usageLimits","reason":"accessNotConfigured","extendedHelp":"https://console.developers.google.com"}],"status":"PERMISSION_DENIED","details":[{"@type":"type.googleapis.com/google.rpc.ErrorInfo","reason":"SERVICE_DISABLED","domain":"googleapis.com","metadata":{"consumer":"projects/1021398475556","serviceTitle":"Compute Engine API","service":"compute.googleapis.com","activationUrl":"https://console.developers.google.com/apis/api/compute.googleapis.com/overview?project=1021398475556","containerInfo":"1021398475556"}},{"@type":"type.googleapis.com/google.rpc.LocalizedMessage","locale":"en-US","message":"Compute Engine API has not been used in project 1021398475556 before or it is disabled. Enable it by visiting https://console.developers.google.com/apis/api/compute.googleapis.com/overview?project=1021398475556 then retry. If you enabled this API recently, wait a few minutes for the action to propagate to our systems and retry."},{"@type":"type.googleapis.com/google.rpc.Help","links":[{"description":"Google developers console API activation","url":"https://console.developers.google.com/apis/api/compute.googleapis.com/overview?project=1021398475556"}]}]}}
[debug] [2026-05-19T13:41:41.313Z] unable to look up default compute service account. Falling back to 1021398475556-compute@developer.gserviceaccount.com. Error: {"name":"FirebaseError","children":[],"context":{"body":{"error":{"code":403,"message":"Compute Engine API has not been used in project 1021398475556 before or it is disabled. Enable it by visiting https://console.developers.google.com/apis/api/compute.googleapis.com/overview?project=1021398475556 then retry. If you enabled this API recently, wait a few minutes for the action to propagate to our systems and retry.","errors":[{"message":"Compute Engine API has not been used in project 1021398475556 before or it is disabled. Enable it by visiting https://console.developers.google.com/apis/api/compute.googleapis.com/overview?project=1021398475556 then retry. If you enabled this API recently, wait a few minutes for the action to propagate to our systems and retry.","domain":"usageLimits","reason":"accessNotConfigured","extendedHelp":"https://console.developers.google.com"}],"status":"PERMISSION_DENIED","details":[{"@type":"type.googleapis.com/google.rpc.ErrorInfo","reason":"SERVICE_DISABLED","domain":"googleapis.com","metadata":{"consumer":"projects/1021398475556","serviceTitle":"Compute Engine API","service":"compute.googleapis.com","activationUrl":"https://console.developers.google.com/apis/api/compute.googleapis.com/overview?project=1021398475556","containerInfo":"1021398475556"}},{"@type":"type.googleapis.com/google.rpc.LocalizedMessage","locale":"en-US","message":"Compute Engine API has not been used in project 1021398475556 before or it is disabled. Enable it by visiting https://console.developers.google.com/apis/api/compute.googleapis.com/overview?project=1021398475556 then retry. If you enabled this API recently, wait a few minutes for the action to propagate to our systems and retry."},{"@type":"type.googleapis.com/google.rpc.Help","links":[{"description":"Google developers console API activation","url":"https://console.developers.google.com/apis/api/compute.googleapis.com/overview?project=1021398475556"}]}]}},"response":{"statusCode":403}},"exit":1,"message":"Request to https://compute.googleapis.com/compute/v1/projects/1021398475556 had HTTP Error: 403, Compute Engine API has not been used in project 1021398475556 before or it is disabled. Enable it by visiting https://console.developers.google.com/apis/api/compute.googleapis.com/overview?project=1021398475556 then retry. If you enabled this API recently, wait a few minutes for the action to propagate to our systems and retry.","status":403}
[debug] [2026-05-19T13:41:41.314Z] Checked if tokens are valid: true, expires at: 1779200491693
[debug] [2026-05-19T13:41:41.314Z] Checked if tokens are valid: true, expires at: 1779200491693
[debug] [2026-05-19T13:41:41.314Z] >>> [apiv2][query] GET https://compute.googleapis.com/compute/v1/projects/1021398475556 [none]
[debug] [2026-05-19T13:41:41.699Z] <<< [apiv2][status] GET https://compute.googleapis.com/compute/v1/projects/1021398475556 403
[debug] [2026-05-19T13:41:41.699Z] <<< [apiv2][body] GET https://compute.googleapis.com/compute/v1/projects/1021398475556 {"error":{"code":403,"message":"Compute Engine API has not been used in project 1021398475556 before or it is disabled. Enable it by visiting https://console.developers.google.com/apis/api/compute.googleapis.com/overview?project=1021398475556 then retry. If you enabled this API recently, wait a few minutes for the action to propagate to our systems and retry.","errors":[{"message":"Compute Engine API has not been used in project 1021398475556 before or it is disabled. Enable it by visiting https://console.developers.google.com/apis/api/compute.googleapis.com/overview?project=1021398475556 then retry. If you enabled this API recently, wait a few minutes for the action to propagate to our systems and retry.","domain":"usageLimits","reason":"accessNotConfigured","extendedHelp":"https://console.developers.google.com"}],"status":"PERMISSION_DENIED","details":[{"@type":"type.googleapis.com/google.rpc.ErrorInfo","reason":"SERVICE_DISABLED","domain":"googleapis.com","metadata":{"serviceTitle":"Compute Engine API","service":"compute.googleapis.com","consumer":"projects/1021398475556","activationUrl":"https://console.developers.google.com/apis/api/compute.googleapis.com/overview?project=1021398475556","containerInfo":"1021398475556"}},{"@type":"type.googleapis.com/google.rpc.LocalizedMessage","locale":"en-US","message":"Compute Engine API has not been used in project 1021398475556 before or it is disabled. Enable it by visiting https://console.developers.google.com/apis/api/compute.googleapis.com/overview?project=1021398475556 then retry. If you enabled this API recently, wait a few minutes for the action to propagate to our systems and retry."},{"@type":"type.googleapis.com/google.rpc.Help","links":[{"description":"Google developers console API activation","url":"https://console.developers.google.com/apis/api/compute.googleapis.com/overview?project=1021398475556"}]}]}}
[debug] [2026-05-19T13:41:41.699Z] unable to look up default compute service account. Falling back to 1021398475556-compute@developer.gserviceaccount.com. Error: {"name":"FirebaseError","children":[],"context":{"body":{"error":{"code":403,"message":"Compute Engine API has not been used in project 1021398475556 before or it is disabled. Enable it by visiting https://console.developers.google.com/apis/api/compute.googleapis.com/overview?project=1021398475556 then retry. If you enabled this API recently, wait a few minutes for the action to propagate to our systems and retry.","errors":[{"message":"Compute Engine API has not been used in project 1021398475556 before or it is disabled. Enable it by visiting https://console.developers.google.com/apis/api/compute.googleapis.com/overview?project=1021398475556 then retry. If you enabled this API recently, wait a few minutes for the action to propagate to our systems and retry.","domain":"usageLimits","reason":"accessNotConfigured","extendedHelp":"https://console.developers.google.com"}],"status":"PERMISSION_DENIED","details":[{"@type":"type.googleapis.com/google.rpc.ErrorInfo","reason":"SERVICE_DISABLED","domain":"googleapis.com","metadata":{"serviceTitle":"Compute Engine API","service":"compute.googleapis.com","consumer":"projects/1021398475556","activationUrl":"https://console.developers.google.com/apis/api/compute.googleapis.com/overview?project=1021398475556","containerInfo":"1021398475556"}},{"@type":"type.googleapis.com/google.rpc.LocalizedMessage","locale":"en-US","message":"Compute Engine API has not been used in project 1021398475556 before or it is disabled. Enable it by visiting https://console.developers.google.com/apis/api/compute.googleapis.com/overview?project=1021398475556 then retry. If you enabled this API recently, wait a few minutes for the action to propagate to our systems and retry."},{"@type":"type.googleapis.com/google.rpc.Help","links":[{"description":"Google developers console API activation","url":"https://console.developers.google.com/apis/api/compute.googleapis.com/overview?project=1021398475556"}]}]}},"response":{"statusCode":403}},"exit":1,"message":"Request to https://compute.googleapis.com/compute/v1/projects/1021398475556 had HTTP Error: 403, Compute Engine API has not been used in project 1021398475556 before or it is disabled. Enable it by visiting https://console.developers.google.com/apis/api/compute.googleapis.com/overview?project=1021398475556 then retry. If you enabled this API recently, wait a few minutes for the action to propagate to our systems and retry.","status":403}
[debug] [2026-05-19T13:41:41.706Z] Checked if tokens are valid: true, expires at: 1779200491693
[debug] [2026-05-19T13:41:41.706Z] Checked if tokens are valid: true, expires at: 1779200491693
[debug] [2026-05-19T13:41:41.706Z] >>> [apiv2][query] POST https://firebasehosting.googleapis.com/v1beta1/projects/-/sites/sample-firebase-ai-appj-9c9fa/versions [none]
[debug] [2026-05-19T13:41:41.706Z] >>> [apiv2][body] POST https://firebasehosting.googleapis.com/v1beta1/projects/-/sites/sample-firebase-ai-appj-9c9fa/versions {"status":"CREATED","labels":{"deployment-tool":"cli-firebase"}}
[debug] [2026-05-19T13:41:43.652Z] <<< [apiv2][status] POST https://firebasehosting.googleapis.com/v1beta1/projects/-/sites/sample-firebase-ai-appj-9c9fa/versions 200
[debug] [2026-05-19T13:41:43.652Z] <<< [apiv2][body] POST https://firebasehosting.googleapis.com/v1beta1/projects/-/sites/sample-firebase-ai-appj-9c9fa/versions {"name":"projects/1021398475556/sites/sample-firebase-ai-appj-9c9fa/versions/58f4da193ebc07e7","status":"CREATED","config":{},"labels":{"deployment-tool":"cli-firebase"}}
[debug] [2026-05-19T13:41:43.654Z] Checked if tokens are valid: true, expires at: 1779200491693
[debug] [2026-05-19T13:41:43.654Z] Checked if tokens are valid: true, expires at: 1779200491693
[debug] [2026-05-19T13:41:43.654Z] >>> [apiv2][query] GET https://cloudbilling.googleapis.com/v1/projects/sample-firebase-ai-appj-9c9fa/billingInfo [none]
[debug] [2026-05-19T13:41:45.553Z] <<< [apiv2][status] GET https://cloudbilling.googleapis.com/v1/projects/sample-firebase-ai-appj-9c9fa/billingInfo 200
[debug] [2026-05-19T13:41:45.553Z] <<< [apiv2][body] GET https://cloudbilling.googleapis.com/v1/projects/sample-firebase-ai-appj-9c9fa/billingInfo {"name":"projects/sample-firebase-ai-appj-9c9fa/billingInfo","projectId":"sample-firebase-ai-appj-9c9fa","billingAccountName":"billingAccounts/0159DB-F3FF25-ADB110","billingEnabled":true}
[debug] [2026-05-19T13:41:45.555Z] Checked if tokens are valid: true, expires at: 1779200491693
[debug] [2026-05-19T13:41:45.555Z] Checked if tokens are valid: true, expires at: 1779200491693
[debug] [2026-05-19T13:41:45.556Z] >>> [apiv2][query] POST https://cloudfunctions.googleapis.com/v2/projects/sample-firebase-ai-appj-9c9fa/locations/us-central1/functions:generateUploadUrl [none]
[debug] [2026-05-19T13:41:47.348Z] <<< [apiv2][status] POST https://cloudfunctions.googleapis.com/v2/projects/sample-firebase-ai-appj-9c9fa/locations/us-central1/functions:generateUploadUrl 200
[debug] [2026-05-19T13:41:47.348Z] <<< [apiv2][body] POST https://cloudfunctions.googleapis.com/v2/projects/sample-firebase-ai-appj-9c9fa/locations/us-central1/functions:generateUploadUrl {"uploadUrl":"https://storage.googleapis.com/gcf-v2-uploads-1021398475556.us-central1.cloudfunctions.appspot.com/fd46fb76-482f-4175-aeaf-5257c55f1953.zip?GoogleAccessId=service-1021398475556@gcf-admin-robot.iam.gserviceaccount.com&Expires=1779199905&Signature=rX%2BlwxvQg%2Bvj5Ncj%2FjfpNE0DPU10SZvuuZUYsfdLQsTNO4cj2fHD3D903NxFO0d%2Bg81%2BJmUlwqUWA9nzJyprZVaoM%2FBQVpZQqbDPctlrwG5vhA%2Flgw60xE5vqZqQpAKdf%2B5Wd0dOgdZCusbr6JcLHy%2BmaMVULRFEYui%2BTjoBiaMenAYZ8CoHS6W6pC7kDgXr1KULLlIELD4qsgpaW741Tv0gwlPTxVLTpO8a5dWBaCWwFdiTdtgLEb6QdKQDwz6l%2B69zk9wBbWc2SfiexUJjbrAVjfVe%2B1isscFeHjTpHRHUGTv2fbgECfqio95S78T7XDlumGmvz5wse0Vrwj4sCw%3D%3D","storageSource":{"bucket":"gcf-v2-uploads-1021398475556.us-central1.cloudfunctions.appspot.com","object":"fd46fb76-482f-4175-aeaf-5257c55f1953.zip"}}
[debug] [2026-05-19T13:41:47.350Z] >>> [apiv2][query] PUT https://storage.googleapis.com/gcf-v2-uploads-1021398475556.us-central1.cloudfunctions.appspot.com/fd46fb76-482f-4175-aeaf-5257c55f1953.zip GoogleAccessId=service-1021398475556%40gcf-admin-robot.iam.gserviceaccount.com&Expires=1779199905&Signature=rX%2BlwxvQg%2Bvj5Ncj%2FjfpNE0DPU10SZvuuZUYsfdLQsTNO4cj2fHD3D903NxFO0d%2Bg81%2BJmUlwqUWA9nzJyprZVaoM%2FBQVpZQqbDPctlrwG5vhA%2Flgw60xE5vqZqQpAKdf%2B5Wd0dOgdZCusbr6JcLHy%2BmaMVULRFEYui%2BTjoBiaMenAYZ8CoHS6W6pC7kDgXr1KULLlIELD4qsgpaW741Tv0gwlPTxVLTpO8a5dWBaCWwFdiTdtgLEb6QdKQDwz6l%2B69zk9wBbWc2SfiexUJjbrAVjfVe%2B1isscFeHjTpHRHUGTv2fbgECfqio95S78T7XDlumGmvz5wse0Vrwj4sCw%3D%3D
[debug] [2026-05-19T13:41:47.350Z] >>> [apiv2][body] PUT https://storage.googleapis.com/gcf-v2-uploads-1021398475556.us-central1.cloudfunctions.appspot.com/fd46fb76-482f-4175-aeaf-5257c55f1953.zip [stream]
[debug] [2026-05-19T13:41:50.183Z] <<< [apiv2][status] PUT https://storage.googleapis.com/gcf-v2-uploads-1021398475556.us-central1.cloudfunctions.appspot.com/fd46fb76-482f-4175-aeaf-5257c55f1953.zip 200
[debug] [2026-05-19T13:41:50.183Z] <<< [apiv2][body] PUT https://storage.googleapis.com/gcf-v2-uploads-1021398475556.us-central1.cloudfunctions.appspot.com/fd46fb76-482f-4175-aeaf-5257c55f1953.zip [omitted]
[info] +  functions: functions source uploaded successfully 
[info] i  hosting[sample-firebase-ai-appj-9c9fa]: beginning deploy... 
[info] i  hosting[sample-firebase-ai-appj-9c9fa]: found 15 files in build 
[debug] [2026-05-19T13:41:50.230Z] [hosting] uploading with 200 concurrency
[debug] [2026-05-19T13:41:51.055Z] Checked if tokens are valid: true, expires at: 1779200491693
[debug] [2026-05-19T13:41:51.055Z] Checked if tokens are valid: true, expires at: 1779200491693
[debug] [2026-05-19T13:41:51.057Z] [hosting] hash cache [YnVpbGQ] stored for 15 files
[debug] [2026-05-19T13:41:51.058Z] [hosting][hash queue][FINAL] {"max":820,"min":33,"avg":102.8,"active":0,"complete":15,"success":15,"errored":0,"retried":0,"total":15,"elapsed":826}
[debug] [2026-05-19T13:41:51.058Z] >>> [apiv2][query] POST https://firebasehosting.googleapis.com/v1beta1/projects/1021398475556/sites/sample-firebase-ai-appj-9c9fa/versions/58f4da193ebc07e7:populateFiles [none]
[debug] [2026-05-19T13:41:51.058Z] >>> [apiv2][body] POST https://firebasehosting.googleapis.com/v1beta1/projects/1021398475556/sites/sample-firebase-ai-appj-9c9fa/versions/58f4da193ebc07e7:populateFiles {"files":{"/index.html":"f42cf7001dc234495967b4f839df93771d6d2f1900a8748982ad6f44e0f71923","/asset-manifest.json":"537116c7e3e59bd0211f8a817fb78bc65ecc3314b3a016bf836c20842611176d","/static/js/main.b6b5afd1.js.LICENSE.txt":"287ebacf30e39d07efbbeb92f356959324cd51347236f5a6788b8fa99d3c947c","/static/js/977.76d055ba.chunk.js.LICENSE.txt":"d0150f389289989e6b4a7c3338e4f0ad772db8f0288daa9b60000a011b73f47a","/static/js/977.76d055ba.chunk.js":"8fadc9180b2af2c2911f34f285d1b1de69acb2118b09b2aaa469559973695e58","/static/js/239.4d40bd2a.chunk.js.LICENSE.txt":"34d91dd0d6d9f3527133408f15dfc02a02d685ae5404131418862e772d3db0a8","/static/css/main.1c649a70.css":"1d165cb50389c0beac965075e0016a575f283ddac090961c8aa35cf4bee81993","/static/js/977.76d055ba.chunk.js.map":"1477f5906307de9eb95b32f566420a95c0d1a0da27b1c42b2bac3d680f4fd8dd","/static/css/main.1c649a70.css.map":"5f62162bb03f75dee346ae102260ccff439aa3debb18dc018cb132f0929fdeb6","/static/js/455.547d9a9d.chunk.js":"e5cd699863e14c9b2858d4994906826eb2980d64552ecc73c6d5643ea47fe7aa","/static/js/239.4d40bd2a.chunk.js":"b67d461f93cd166951853fe4f7ccd6e4976ad7d195f59294c0e70a7bb188d16b","/static/js/455.547d9a9d.chunk.js.map":"596ad277278da53d66983245e230bde9e53a7a86df118cef00a2e70fa8bed959","/static/js/main.b6b5afd1.js":"0d995b060f39e356bf3e34eaa25ad66fe86ae8ca37549b11c5d24a74f78a117e","/static/js/239.4d40bd2a.chunk.js.map":"497efdf22e274c44fda0ea285f1679094544362bc46c7c407f8f10160bb8eda4","/static/js/main.b6b5afd1.js.map":"420f87445aa7aa0149958666ed74a74600f36be055bb945fd2eae183f747ecc9"}}
[info] i  hosting: adding files to version [0/15] (0%) 
[info] i  hosting: adding files to version [0/15] (0%) 
[info] i  hosting: adding files to version [0/15] (0%) 
[info] i  hosting: adding files to version [0/15] (0%) 
[debug] [2026-05-19T13:41:59.738Z] <<< [apiv2][status] POST https://firebasehosting.googleapis.com/v1beta1/projects/1021398475556/sites/sample-firebase-ai-appj-9c9fa/versions/58f4da193ebc07e7:populateFiles 200
[debug] [2026-05-19T13:41:59.738Z] <<< [apiv2][body] POST https://firebasehosting.googleapis.com/v1beta1/projects/1021398475556/sites/sample-firebase-ai-appj-9c9fa/versions/58f4da193ebc07e7:populateFiles {"uploadRequiredHashes":["0d995b060f39e356bf3e34eaa25ad66fe86ae8ca37549b11c5d24a74f78a117e","f42cf7001dc234495967b4f839df93771d6d2f1900a8748982ad6f44e0f71923","420f87445aa7aa0149958666ed74a74600f36be055bb945fd2eae183f747ecc9","537116c7e3e59bd0211f8a817fb78bc65ecc3314b3a016bf836c20842611176d"],"uploadUrl":"https://upload-firebasehosting.googleapis.com/upload/sites/sample-firebase-ai-appj-9c9fa/versions/58f4da193ebc07e7/files"}
[debug] [2026-05-19T13:41:59.740Z] Checked if tokens are valid: true, expires at: 1779200491693
[debug] [2026-05-19T13:41:59.740Z] Checked if tokens are valid: true, expires at: 1779200491693
[debug] [2026-05-19T13:41:59.740Z] Checked if tokens are valid: true, expires at: 1779200491693
[debug] [2026-05-19T13:41:59.741Z] Checked if tokens are valid: true, expires at: 1779200491693
[debug] [2026-05-19T13:41:59.741Z] Checked if tokens are valid: true, expires at: 1779200491693
[debug] [2026-05-19T13:41:59.741Z] Checked if tokens are valid: true, expires at: 1779200491693
[debug] [2026-05-19T13:41:59.742Z] Checked if tokens are valid: true, expires at: 1779200491693
[debug] [2026-05-19T13:41:59.742Z] Checked if tokens are valid: true, expires at: 1779200491693
[debug] [2026-05-19T13:41:59.742Z] >>> [apiv2][query] POST https://upload-firebasehosting.googleapis.com/upload/sites/sample-firebase-ai-appj-9c9fa/versions/58f4da193ebc07e7/files/0d995b060f39e356bf3e34eaa25ad66fe86ae8ca37549b11c5d24a74f78a117e [none]
[debug] [2026-05-19T13:41:59.742Z] >>> [apiv2][body] POST https://upload-firebasehosting.googleapis.com/upload/sites/sample-firebase-ai-appj-9c9fa/versions/58f4da193ebc07e7/files/0d995b060f39e356bf3e34eaa25ad66fe86ae8ca37549b11c5d24a74f78a117e [stream]
[debug] [2026-05-19T13:41:59.746Z] >>> [apiv2][query] POST https://upload-firebasehosting.googleapis.com/upload/sites/sample-firebase-ai-appj-9c9fa/versions/58f4da193ebc07e7/files/f42cf7001dc234495967b4f839df93771d6d2f1900a8748982ad6f44e0f71923 [none]
[debug] [2026-05-19T13:41:59.746Z] >>> [apiv2][body] POST https://upload-firebasehosting.googleapis.com/upload/sites/sample-firebase-ai-appj-9c9fa/versions/58f4da193ebc07e7/files/f42cf7001dc234495967b4f839df93771d6d2f1900a8748982ad6f44e0f71923 [stream]
[debug] [2026-05-19T13:41:59.748Z] >>> [apiv2][query] POST https://upload-firebasehosting.googleapis.com/upload/sites/sample-firebase-ai-appj-9c9fa/versions/58f4da193ebc07e7/files/420f87445aa7aa0149958666ed74a74600f36be055bb945fd2eae183f747ecc9 [none]
[debug] [2026-05-19T13:41:59.748Z] >>> [apiv2][body] POST https://upload-firebasehosting.googleapis.com/upload/sites/sample-firebase-ai-appj-9c9fa/versions/58f4da193ebc07e7/files/420f87445aa7aa0149958666ed74a74600f36be055bb945fd2eae183f747ecc9 [stream]
[debug] [2026-05-19T13:41:59.751Z] >>> [apiv2][query] POST https://upload-firebasehosting.googleapis.com/upload/sites/sample-firebase-ai-appj-9c9fa/versions/58f4da193ebc07e7/files/537116c7e3e59bd0211f8a817fb78bc65ecc3314b3a016bf836c20842611176d [none]
[debug] [2026-05-19T13:41:59.751Z] >>> [apiv2][body] POST https://upload-firebasehosting.googleapis.com/upload/sites/sample-firebase-ai-appj-9c9fa/versions/58f4da193ebc07e7/files/537116c7e3e59bd0211f8a817fb78bc65ecc3314b3a016bf836c20842611176d [stream]
[debug] [2026-05-19T13:41:59.753Z] [hosting][populate queue][FINAL] {"max":8688,"min":8688,"avg":8688,"active":0,"complete":1,"success":1,"errored":0,"retried":0,"total":1,"elapsed":8699}
[debug] [2026-05-19T13:41:59.753Z] [hosting] uploads queued: 4
[info] i  hosting: uploading new files [0/4] (0%) 
[info] i  hosting: uploading new files [0/4] (0%) 
[info] i  hosting: uploading new files [0/4] (0%) 
[debug] [2026-05-19T13:42:05.190Z] <<< [apiv2][status] POST https://upload-firebasehosting.googleapis.com/upload/sites/sample-firebase-ai-appj-9c9fa/versions/58f4da193ebc07e7/files/537116c7e3e59bd0211f8a817fb78bc65ecc3314b3a016bf836c20842611176d 200
[debug] [2026-05-19T13:42:05.192Z] <<< [apiv2][body] POST https://upload-firebasehosting.googleapis.com/upload/sites/sample-firebase-ai-appj-9c9fa/versions/58f4da193ebc07e7/files/537116c7e3e59bd0211f8a817fb78bc65ecc3314b3a016bf836c20842611176d [stream]
[debug] [2026-05-19T13:42:05.469Z] <<< [apiv2][status] POST https://upload-firebasehosting.googleapis.com/upload/sites/sample-firebase-ai-appj-9c9fa/versions/58f4da193ebc07e7/files/f42cf7001dc234495967b4f839df93771d6d2f1900a8748982ad6f44e0f71923 200
[debug] [2026-05-19T13:42:05.469Z] <<< [apiv2][body] POST https://upload-firebasehosting.googleapis.com/upload/sites/sample-firebase-ai-appj-9c9fa/versions/58f4da193ebc07e7/files/f42cf7001dc234495967b4f839df93771d6d2f1900a8748982ad6f44e0f71923 [stream]
[info] i  hosting: uploading new files [2/4] (50%) 
[info] i  hosting: uploading new files [2/4] (50%) 
[info] i  hosting: uploading new files [2/4] (50%) 
[info] i  hosting: uploading new files [2/4] (50%) 
[info] i  hosting: uploading new files [2/4] (50%) 
[info] i  hosting: uploading new files [2/4] (50%) 
[info] i  hosting: uploading new files [2/4] (50%) 
[info] i  hosting: uploading new files [2/4] (50%) 
[info] i  hosting: uploading new files [2/4] (50%) 
[info] i  hosting: uploading new files [2/4] (50%) 
[info] i  hosting: uploading new files [2/4] (50%) 
[info] i  hosting: uploading new files [2/4] (50%) 
[debug] [2026-05-19T13:42:30.154Z] [uploadQueue] Retrying task 0d995b060f39e356bf3e34eaa25ad66fe86ae8ca37549b11c5d24a74f78a117e
[debug] [2026-05-19T13:42:30.154Z] Checked if tokens are valid: true, expires at: 1779200491693
[debug] [2026-05-19T13:42:30.154Z] Checked if tokens are valid: true, expires at: 1779200491693
[debug] [2026-05-19T13:42:30.155Z] >>> [apiv2][query] POST https://upload-firebasehosting.googleapis.com/upload/sites/sample-firebase-ai-appj-9c9fa/versions/58f4da193ebc07e7/files/0d995b060f39e356bf3e34eaa25ad66fe86ae8ca37549b11c5d24a74f78a117e [none]
[debug] [2026-05-19T13:42:30.155Z] >>> [apiv2][body] POST https://upload-firebasehosting.googleapis.com/upload/sites/sample-firebase-ai-appj-9c9fa/versions/58f4da193ebc07e7/files/0d995b060f39e356bf3e34eaa25ad66fe86ae8ca37549b11c5d24a74f78a117e [stream]
[info] i  hosting: uploading new files [2/4] (50%) 
[info] i  hosting: uploading new files [2/4] (50%) 
[info] i  hosting: uploading new files [2/4] (50%) 
[info] i  hosting: uploading new files [2/4] (50%) 
[info] i  hosting: uploading new files [2/4] (50%) 
[info] i  hosting: uploading new files [2/4] (50%) 
[info] i  hosting: uploading new files [2/4] (50%) 
[info] i  hosting: uploading new files [2/4] (50%) 
[info] i  hosting: uploading new files [2/4] (50%) 
[info] i  hosting: uploading new files [2/4] (50%) 
[info] i  hosting: uploading new files [2/4] (50%) 
[info] i  hosting: uploading new files [2/4] (50%) 
[info] i  hosting: uploading new files [2/4] (50%) 
[info] i  hosting: uploading new files [2/4] (50%) 
[info] i  hosting: uploading new files [2/4] (50%) 
[info] i  hosting: uploading new files [2/4] (50%) 
[debug] [2026-05-19T13:43:00.970Z] [uploadQueue] Retrying task 0d995b060f39e356bf3e34eaa25ad66fe86ae8ca37549b11c5d24a74f78a117e
[debug] [2026-05-19T13:43:00.971Z] Checked if tokens are valid: true, expires at: 1779200491693
[debug] [2026-05-19T13:43:00.971Z] Checked if tokens are valid: true, expires at: 1779200491693
[debug] [2026-05-19T13:43:00.971Z] >>> [apiv2][query] POST https://upload-firebasehosting.googleapis.com/upload/sites/sample-firebase-ai-appj-9c9fa/versions/58f4da193ebc07e7/files/0d995b060f39e356bf3e34eaa25ad66fe86ae8ca37549b11c5d24a74f78a117e [none]
[debug] [2026-05-19T13:43:00.971Z] >>> [apiv2][body] POST https://upload-firebasehosting.googleapis.com/upload/sites/sample-firebase-ai-appj-9c9fa/versions/58f4da193ebc07e7/files/0d995b060f39e356bf3e34eaa25ad66fe86ae8ca37549b11c5d24a74f78a117e [stream]
[debug] [2026-05-19T13:43:02.138Z] <<< [apiv2][status] POST https://upload-firebasehosting.googleapis.com/upload/sites/sample-firebase-ai-appj-9c9fa/versions/58f4da193ebc07e7/files/420f87445aa7aa0149958666ed74a74600f36be055bb945fd2eae183f747ecc9 200
[debug] [2026-05-19T13:43:02.138Z] <<< [apiv2][body] POST https://upload-firebasehosting.googleapis.com/upload/sites/sample-firebase-ai-appj-9c9fa/versions/58f4da193ebc07e7/files/420f87445aa7aa0149958666ed74a74600f36be055bb945fd2eae183f747ecc9 [stream]
[info] i  hosting: uploading new files [3/4] (75%) 
[info] i  hosting: uploading new files [3/4] (75%) 
[info] i  hosting: uploading new files [3/4] (75%) 
[info] i  hosting: uploading new files [3/4] (75%) 
[debug] [2026-05-19T13:43:09.578Z] <<< [apiv2][status] POST https://upload-firebasehosting.googleapis.com/upload/sites/sample-firebase-ai-appj-9c9fa/versions/58f4da193ebc07e7/files/0d995b060f39e356bf3e34eaa25ad66fe86ae8ca37549b11c5d24a74f78a117e 200
[debug] [2026-05-19T13:43:09.578Z] <<< [apiv2][body] POST https://upload-firebasehosting.googleapis.com/upload/sites/sample-firebase-ai-appj-9c9fa/versions/58f4da193ebc07e7/files/0d995b060f39e356bf3e34eaa25ad66fe86ae8ca37549b11c5d24a74f78a117e [stream]
[debug] [2026-05-19T13:43:09.578Z] [hosting][upload queue][FINAL] {"max":62397,"min":5451,"avg":20546.25,"active":0,"complete":4,"success":4,"errored":0,"retried":2,"total":4,"elapsed":69839}
[info] i  hosting: upload complete 
[info] +  hosting[sample-firebase-ai-appj-9c9fa]: file upload complete 
[debug] [2026-05-19T13:43:09.579Z] [hosting] deploy completed after 79391ms
[info] i  functions: updating Node.js 20 (2nd Gen) function exchange(us-central1)... 
[info] i  functions: updating Node.js 20 (2nd Gen) function refresh(us-central1)... 
[debug] [2026-05-19T13:43:09.588Z] Checked if tokens are valid: true, expires at: 1779200491693
[debug] [2026-05-19T13:43:09.588Z] Checked if tokens are valid: true, expires at: 1779200491693
[debug] [2026-05-19T13:43:09.589Z] >>> [apiv2][query] PATCH https://cloudfunctions.googleapis.com/v2/projects/sample-firebase-ai-appj-9c9fa/locations/us-central1/functions/exchange updateMask=name%2CbuildConfig.runtime%2CbuildConfig.entryPoint%2CbuildConfig.source.storageSource.bucket%2CbuildConfig.source.storageSource.object%2CbuildConfig.environmentVariables%2CbuildConfig.sourceToken%2CserviceConfig.environmentVariables%2CserviceConfig.ingressSettings%2CserviceConfig.timeoutSeconds%2CserviceConfig.serviceAccountEmail%2CserviceConfig.availableMemory%2CserviceConfig.minInstanceCount%2CserviceConfig.maxInstanceCount%2CserviceConfig.maxInstanceRequestConcurrency%2CserviceConfig.availableCpu%2CserviceConfig.vpcConnector%2CserviceConfig.vpcConnectorEgressSettings%2Clabels
[debug] [2026-05-19T13:43:09.589Z] >>> [apiv2][body] PATCH https://cloudfunctions.googleapis.com/v2/projects/sample-firebase-ai-appj-9c9fa/locations/us-central1/functions/exchange {"name":"projects/sample-firebase-ai-appj-9c9fa/locations/us-central1/functions/exchange","buildConfig":{"runtime":"nodejs20","entryPoint":"exchange","source":{"storageSource":{"bucket":"gcf-v2-uploads-1021398475556.us-central1.cloudfunctions.appspot.com","object":"fd46fb76-482f-4175-aeaf-5257c55f1953.zip"}},"environmentVariables":{"GOOGLE_NODE_RUN_SCRIPTS":""}},"serviceConfig":{"environmentVariables":{"FIREBASE_CONFIG":"{\"projectId\":\"sample-firebase-ai-appj-9c9fa\",\"storageBucket\":\"sample-firebase-ai-appj-9c9fa.firebasestorage.app\"}","GCLOUD_PROJECT":"sample-firebase-ai-appj-9c9fa","EVENTARC_CLOUD_EVENT_SOURCE":"projects/sample-firebase-ai-appj-9c9fa/locations/us-central1/services/exchange","FUNCTION_TARGET":"exchange","LOG_EXECUTION_ID":"true"},"ingressSettings":null,"timeoutSeconds":null,"serviceAccountEmail":null,"availableMemory":"256Mi","minInstanceCount":null,"maxInstanceCount":null,"maxInstanceRequestConcurrency":80,"availableCpu":"1","vpcConnector":null,"vpcConnectorEgressSettings":null},"labels":{"deployment-tool":"cli-firebase","firebase-functions-hash":"ebee7643ac26718c7470037170e047f49e25fe6d"}}
[debug] [2026-05-19T13:43:12.448Z] <<< [apiv2][status] PATCH https://cloudfunctions.googleapis.com/v2/projects/sample-firebase-ai-appj-9c9fa/locations/us-central1/functions/exchange 200
[debug] [2026-05-19T13:43:12.448Z] <<< [apiv2][body] PATCH https://cloudfunctions.googleapis.com/v2/projects/sample-firebase-ai-appj-9c9fa/locations/us-central1/functions/exchange {"name":"projects/sample-firebase-ai-appj-9c9fa/locations/us-central1/operations/operation-1779198189871-6522bdc17a208-3d026849-43d3eeba","metadata":{"@type":"type.googleapis.com/google.cloud.functions.v2.OperationMetadata","createTime":"2026-05-19T13:43:11.099530419Z","target":"projects/sample-firebase-ai-appj-9c9fa/locations/us-central1/functions/exchange","verb":"update","cancelRequested":false,"apiVersion":"v2"},"done":false}
[debug] [2026-05-19T13:43:12.449Z] Checked if tokens are valid: true, expires at: 1779200491693
[debug] [2026-05-19T13:43:12.449Z] Checked if tokens are valid: true, expires at: 1779200491693
[debug] [2026-05-19T13:43:12.449Z] >>> [apiv2][query] GET https://cloudfunctions.googleapis.com/v2/projects/sample-firebase-ai-appj-9c9fa/locations/us-central1/operations/operation-1779198189871-6522bdc17a208-3d026849-43d3eeba [none]
[debug] [2026-05-19T13:43:13.826Z] <<< [apiv2][status] GET https://cloudfunctions.googleapis.com/v2/projects/sample-firebase-ai-appj-9c9fa/locations/us-central1/operations/operation-1779198189871-6522bdc17a208-3d026849-43d3eeba 200
[debug] [2026-05-19T13:43:13.827Z] <<< [apiv2][body] GET https://cloudfunctions.googleapis.com/v2/projects/sample-firebase-ai-appj-9c9fa/locations/us-central1/operations/operation-1779198189871-6522bdc17a208-3d026849-43d3eeba {"name":"projects/sample-firebase-ai-appj-9c9fa/locations/us-central1/operations/operation-1779198189871-6522bdc17a208-3d026849-43d3eeba","metadata":{"@type":"type.googleapis.com/google.cloud.functions.v2.OperationMetadata","createTime":"2026-05-19T13:43:11.099530419Z","target":"projects/sample-firebase-ai-appj-9c9fa/locations/us-central1/functions/exchange","verb":"update","cancelRequested":false,"apiVersion":"v2","requestResource":{"@type":"type.googleapis.com/google.cloud.functions.v2.Function","name":"projects/sample-firebase-ai-appj-9c9fa/locations/us-central1/functions/exchange","buildConfig":{"runtime":"nodejs20","entryPoint":"exchange","source":{"storageSource":{"bucket":"gcf-v2-sources-1021398475556-us-central1","object":"exchange/function-source.zip","generation":"1779198191047322"}},"environmentVariables":{"GOOGLE_NODE_RUN_SCRIPTS":""},"dockerRepository":"projects/sample-firebase-ai-appj-9c9fa/locations/us-central1/repositories/gcf-artifacts","sourceProvenance":{"resolvedStorageSource":{"bucket":"gcf-v2-sources-1021398475556-us-central1","object":"exchange/function-source.zip","generation":"1779184704066998"}},"dockerRegistry":"ARTIFACT_REGISTRY","serviceAccount":"projects/sample-firebase-ai-appj-9c9fa/serviceAccounts/1021398475556-compute@developer.gserviceaccount.com","automaticUpdatePolicy":{}},"serviceConfig":{"service":"projects/sample-firebase-ai-appj-9c9fa/locations/us-central1/services/exchange","timeoutSeconds":60,"environmentVariables":{"FIREBASE_CONFIG":"{\"projectId\":\"sample-firebase-ai-appj-9c9fa\",\"storageBucket\":\"sample-firebase-ai-appj-9c9fa.firebasestorage.app\"}","GCLOUD_PROJECT":"sample-firebase-ai-appj-9c9fa","EVENTARC_CLOUD_EVENT_SOURCE":"projects/sample-firebase-ai-appj-9c9fa/locations/us-central1/services/exchange","FUNCTION_TARGET":"exchange","LOG_EXECUTION_ID":"true"},"ingressSettings":"ALLOW_ALL","uri":"https://exchange-hyh6wpyjpq-uc.a.run.app","serviceAccountEmail":"1021398475556-compute@developer.gserviceaccount.com","availableMemory":"256Mi","allTrafficOnLatestRevision":true,"revision":"exchange-00004-nap","maxInstanceRequestConcurrency":80,"availableCpu":"1"},"state":"ACTIVE","labels":{"deployment-tool":"cloudfunctions","firebase-functions-hash":"ebee7643ac26718c7470037170e047f49e25fe6d"},"environment":"GEN_2","url":"https://us-central1-sample-firebase-ai-appj-9c9fa.cloudfunctions.net/exchange","satisfiesPzi":true},"stages":[{"name":"BUILD","message":"Build in progress","state":"IN_PROGRESS","resource":"projects/1021398475556/locations/us-central1/builds/a8cd938b-5949-424d-9d57-f181a2c6d146","resourceUri":"https://console.cloud.google.com/cloud-build/builds;region=us-central1/a8cd938b-5949-424d-9d57-f181a2c6d146?project=1021398475556"},{"name":"SERVICE","state":"NOT_STARTED"}],"operationType":"UPDATE_FUNCTION","buildName":"projects/1021398475556/locations/us-central1/builds/a8cd938b-5949-424d-9d57-f181a2c6d146"},"done":false}
[debug] [2026-05-19T13:43:14.341Z] [update-default-us-central1-exchange] Retrying task index 0
[debug] [2026-05-19T13:43:14.341Z] Checked if tokens are valid: true, expires at: 1779200491693
[debug] [2026-05-19T13:43:14.341Z] Checked if tokens are valid: true, expires at: 1779200491693
[debug] [2026-05-19T13:43:14.342Z] >>> [apiv2][query] GET https://cloudfunctions.googleapis.com/v2/projects/sample-firebase-ai-appj-9c9fa/locations/us-central1/operations/operation-1779198189871-6522bdc17a208-3d026849-43d3eeba [none]
[debug] [2026-05-19T13:43:15.818Z] <<< [apiv2][status] GET https://cloudfunctions.googleapis.com/v2/projects/sample-firebase-ai-appj-9c9fa/locations/us-central1/operations/operation-1779198189871-6522bdc17a208-3d026849-43d3eeba 200
[debug] [2026-05-19T13:43:15.819Z] <<< [apiv2][body] GET https://cloudfunctions.googleapis.com/v2/projects/sample-firebase-ai-appj-9c9fa/locations/us-central1/operations/operation-1779198189871-6522bdc17a208-3d026849-43d3eeba {"name":"projects/sample-firebase-ai-appj-9c9fa/locations/us-central1/operations/operation-1779198189871-6522bdc17a208-3d026849-43d3eeba","metadata":{"@type":"type.googleapis.com/google.cloud.functions.v2.OperationMetadata","createTime":"2026-05-19T13:43:11.099530419Z","target":"projects/sample-firebase-ai-appj-9c9fa/locations/us-central1/functions/exchange","verb":"update","cancelRequested":false,"apiVersion":"v2","requestResource":{"@type":"type.googleapis.com/google.cloud.functions.v2.Function","name":"projects/sample-firebase-ai-appj-9c9fa/locations/us-central1/functions/exchange","buildConfig":{"runtime":"nodejs20","entryPoint":"exchange","source":{"storageSource":{"bucket":"gcf-v2-sources-1021398475556-us-central1","object":"exchange/function-source.zip","generation":"1779198191047322"}},"environmentVariables":{"GOOGLE_NODE_RUN_SCRIPTS":""},"dockerRepository":"projects/sample-firebase-ai-appj-9c9fa/locations/us-central1/repositories/gcf-artifacts","sourceProvenance":{"resolvedStorageSource":{"bucket":"gcf-v2-sources-1021398475556-us-central1","object":"exchange/function-source.zip","generation":"1779184704066998"}},"dockerRegistry":"ARTIFACT_REGISTRY","serviceAccount":"projects/sample-firebase-ai-appj-9c9fa/serviceAccounts/1021398475556-compute@developer.gserviceaccount.com","automaticUpdatePolicy":{}},"serviceConfig":{"service":"projects/sample-firebase-ai-appj-9c9fa/locations/us-central1/services/exchange","timeoutSeconds":60,"environmentVariables":{"FIREBASE_CONFIG":"{\"projectId\":\"sample-firebase-ai-appj-9c9fa\",\"storageBucket\":\"sample-firebase-ai-appj-9c9fa.firebasestorage.app\"}","GCLOUD_PROJECT":"sample-firebase-ai-appj-9c9fa","EVENTARC_CLOUD_EVENT_SOURCE":"projects/sample-firebase-ai-appj-9c9fa/locations/us-central1/services/exchange","FUNCTION_TARGET":"exchange","LOG_EXECUTION_ID":"true"},"ingressSettings":"ALLOW_ALL","uri":"https://exchange-hyh6wpyjpq-uc.a.run.app","serviceAccountEmail":"1021398475556-compute@developer.gserviceaccount.com","availableMemory":"256Mi","allTrafficOnLatestRevision":true,"revision":"exchange-00004-nap","maxInstanceRequestConcurrency":80,"availableCpu":"1"},"state":"ACTIVE","labels":{"deployment-tool":"cloudfunctions","firebase-functions-hash":"ebee7643ac26718c7470037170e047f49e25fe6d"},"environment":"GEN_2","url":"https://us-central1-sample-firebase-ai-appj-9c9fa.cloudfunctions.net/exchange","satisfiesPzi":true},"stages":[{"name":"BUILD","message":"Build in progress","state":"IN_PROGRESS","resource":"projects/1021398475556/locations/us-central1/builds/a8cd938b-5949-424d-9d57-f181a2c6d146","resourceUri":"https://console.cloud.google.com/cloud-build/builds;region=us-central1/a8cd938b-5949-424d-9d57-f181a2c6d146?project=1021398475556"},{"name":"SERVICE","state":"NOT_STARTED"}],"operationType":"UPDATE_FUNCTION","buildName":"projects/1021398475556/locations/us-central1/builds/a8cd938b-5949-424d-9d57-f181a2c6d146"},"done":false}
[debug] [2026-05-19T13:43:16.834Z] [update-default-us-central1-exchange] Retrying task index 0
[debug] [2026-05-19T13:43:16.834Z] Checked if tokens are valid: true, expires at: 1779200491693
[debug] [2026-05-19T13:43:16.835Z] Checked if tokens are valid: true, expires at: 1779200491693
[debug] [2026-05-19T13:43:16.835Z] >>> [apiv2][query] GET https://cloudfunctions.googleapis.com/v2/projects/sample-firebase-ai-appj-9c9fa/locations/us-central1/operations/operation-1779198189871-6522bdc17a208-3d026849-43d3eeba [none]
[debug] [2026-05-19T13:43:17.190Z] <<< [apiv2][status] GET https://cloudfunctions.googleapis.com/v2/projects/sample-firebase-ai-appj-9c9fa/locations/us-central1/operations/operation-1779198189871-6522bdc17a208-3d026849-43d3eeba 200
[debug] [2026-05-19T13:43:17.190Z] <<< [apiv2][body] GET https://cloudfunctions.googleapis.com/v2/projects/sample-firebase-ai-appj-9c9fa/locations/us-central1/operations/operation-1779198189871-6522bdc17a208-3d026849-43d3eeba {"name":"projects/sample-firebase-ai-appj-9c9fa/locations/us-central1/operations/operation-1779198189871-6522bdc17a208-3d026849-43d3eeba","metadata":{"@type":"type.googleapis.com/google.cloud.functions.v2.OperationMetadata","createTime":"2026-05-19T13:43:11.099530419Z","target":"projects/sample-firebase-ai-appj-9c9fa/locations/us-central1/functions/exchange","verb":"update","cancelRequested":false,"apiVersion":"v2","requestResource":{"@type":"type.googleapis.com/google.cloud.functions.v2.Function","name":"projects/sample-firebase-ai-appj-9c9fa/locations/us-central1/functions/exchange","buildConfig":{"runtime":"nodejs20","entryPoint":"exchange","source":{"storageSource":{"bucket":"gcf-v2-sources-1021398475556-us-central1","object":"exchange/function-source.zip","generation":"1779198191047322"}},"environmentVariables":{"GOOGLE_NODE_RUN_SCRIPTS":""},"dockerRepository":"projects/sample-firebase-ai-appj-9c9fa/locations/us-central1/repositories/gcf-artifacts","sourceProvenance":{"resolvedStorageSource":{"bucket":"gcf-v2-sources-1021398475556-us-central1","object":"exchange/function-source.zip","generation":"1779184704066998"}},"dockerRegistry":"ARTIFACT_REGISTRY","serviceAccount":"projects/sample-firebase-ai-appj-9c9fa/serviceAccounts/1021398475556-compute@developer.gserviceaccount.com","automaticUpdatePolicy":{}},"serviceConfig":{"service":"projects/sample-firebase-ai-appj-9c9fa/locations/us-central1/services/exchange","timeoutSeconds":60,"environmentVariables":{"FIREBASE_CONFIG":"{\"projectId\":\"sample-firebase-ai-appj-9c9fa\",\"storageBucket\":\"sample-firebase-ai-appj-9c9fa.firebasestorage.app\"}","GCLOUD_PROJECT":"sample-firebase-ai-appj-9c9fa","EVENTARC_CLOUD_EVENT_SOURCE":"projects/sample-firebase-ai-appj-9c9fa/locations/us-central1/services/exchange","FUNCTION_TARGET":"exchange","LOG_EXECUTION_ID":"true"},"ingressSettings":"ALLOW_ALL","uri":"https://exchange-hyh6wpyjpq-uc.a.run.app","serviceAccountEmail":"1021398475556-compute@developer.gserviceaccount.com","availableMemory":"256Mi","allTrafficOnLatestRevision":true,"revision":"exchange-00004-nap","maxInstanceRequestConcurrency":80,"availableCpu":"1"},"state":"ACTIVE","labels":{"deployment-tool":"cloudfunctions","firebase-functions-hash":"ebee7643ac26718c7470037170e047f49e25fe6d"},"environment":"GEN_2","url":"https://us-central1-sample-firebase-ai-appj-9c9fa.cloudfunctions.net/exchange","satisfiesPzi":true},"stages":[{"name":"BUILD","message":"Build in progress","state":"IN_PROGRESS","resource":"projects/1021398475556/locations/us-central1/builds/a8cd938b-5949-424d-9d57-f181a2c6d146","resourceUri":"https://console.cloud.google.com/cloud-build/builds;region=us-central1/a8cd938b-5949-424d-9d57-f181a2c6d146?project=1021398475556"},{"name":"SERVICE","state":"NOT_STARTED"}],"operationType":"UPDATE_FUNCTION","buildName":"projects/1021398475556/locations/us-central1/builds/a8cd938b-5949-424d-9d57-f181a2c6d146"},"done":false}
[debug] [2026-05-19T13:43:19.195Z] [update-default-us-central1-exchange] Retrying task index 0
[debug] [2026-05-19T13:43:19.196Z] Checked if tokens are valid: true, expires at: 1779200491693
[debug] [2026-05-19T13:43:19.196Z] Checked if tokens are valid: true, expires at: 1779200491693
[debug] [2026-05-19T13:43:19.196Z] >>> [apiv2][query] GET https://cloudfunctions.googleapis.com/v2/projects/sample-firebase-ai-appj-9c9fa/locations/us-central1/operations/operation-1779198189871-6522bdc17a208-3d026849-43d3eeba [none]
[debug] [2026-05-19T13:43:20.664Z] <<< [apiv2][status] GET https://cloudfunctions.googleapis.com/v2/projects/sample-firebase-ai-appj-9c9fa/locations/us-central1/operations/operation-1779198189871-6522bdc17a208-3d026849-43d3eeba 200
[debug] [2026-05-19T13:43:20.664Z] <<< [apiv2][body] GET https://cloudfunctions.googleapis.com/v2/projects/sample-firebase-ai-appj-9c9fa/locations/us-central1/operations/operation-1779198189871-6522bdc17a208-3d026849-43d3eeba {"name":"projects/sample-firebase-ai-appj-9c9fa/locations/us-central1/operations/operation-1779198189871-6522bdc17a208-3d026849-43d3eeba","metadata":{"@type":"type.googleapis.com/google.cloud.functions.v2.OperationMetadata","createTime":"2026-05-19T13:43:11.099530419Z","target":"projects/sample-firebase-ai-appj-9c9fa/locations/us-central1/functions/exchange","verb":"update","cancelRequested":false,"apiVersion":"v2","requestResource":{"@type":"type.googleapis.com/google.cloud.functions.v2.Function","name":"projects/sample-firebase-ai-appj-9c9fa/locations/us-central1/functions/exchange","buildConfig":{"runtime":"nodejs20","entryPoint":"exchange","source":{"storageSource":{"bucket":"gcf-v2-sources-1021398475556-us-central1","object":"exchange/function-source.zip","generation":"1779198191047322"}},"environmentVariables":{"GOOGLE_NODE_RUN_SCRIPTS":""},"dockerRepository":"projects/sample-firebase-ai-appj-9c9fa/locations/us-central1/repositories/gcf-artifacts","sourceProvenance":{"resolvedStorageSource":{"bucket":"gcf-v2-sources-1021398475556-us-central1","object":"exchange/function-source.zip","generation":"1779184704066998"}},"dockerRegistry":"ARTIFACT_REGISTRY","serviceAccount":"projects/sample-firebase-ai-appj-9c9fa/serviceAccounts/1021398475556-compute@developer.gserviceaccount.com","automaticUpdatePolicy":{}},"serviceConfig":{"service":"projects/sample-firebase-ai-appj-9c9fa/locations/us-central1/services/exchange","timeoutSeconds":60,"environmentVariables":{"FIREBASE_CONFIG":"{\"projectId\":\"sample-firebase-ai-appj-9c9fa\",\"storageBucket\":\"sample-firebase-ai-appj-9c9fa.firebasestorage.app\"}","GCLOUD_PROJECT":"sample-firebase-ai-appj-9c9fa","EVENTARC_CLOUD_EVENT_SOURCE":"projects/sample-firebase-ai-appj-9c9fa/locations/us-central1/services/exchange","FUNCTION_TARGET":"exchange","LOG_EXECUTION_ID":"true"},"ingressSettings":"ALLOW_ALL","uri":"https://exchange-hyh6wpyjpq-uc.a.run.app","serviceAccountEmail":"1021398475556-compute@developer.gserviceaccount.com","availableMemory":"256Mi","allTrafficOnLatestRevision":true,"revision":"exchange-00004-nap","maxInstanceRequestConcurrency":80,"availableCpu":"1"},"state":"ACTIVE","labels":{"deployment-tool":"cloudfunctions","firebase-functions-hash":"ebee7643ac26718c7470037170e047f49e25fe6d"},"environment":"GEN_2","url":"https://us-central1-sample-firebase-ai-appj-9c9fa.cloudfunctions.net/exchange","satisfiesPzi":true},"stages":[{"name":"BUILD","message":"Build in progress","state":"IN_PROGRESS","resource":"projects/1021398475556/locations/us-central1/builds/a8cd938b-5949-424d-9d57-f181a2c6d146","resourceUri":"https://console.cloud.google.com/cloud-build/builds;region=us-central1/a8cd938b-5949-424d-9d57-f181a2c6d146?project=1021398475556"},{"name":"SERVICE","state":"NOT_STARTED"}],"operationType":"UPDATE_FUNCTION","buildName":"projects/1021398475556/locations/us-central1/builds/a8cd938b-5949-424d-9d57-f181a2c6d146"},"done":false}
[debug] [2026-05-19T13:43:24.671Z] [update-default-us-central1-exchange] Retrying task index 0
[debug] [2026-05-19T13:43:24.672Z] Checked if tokens are valid: true, expires at: 1779200491693
[debug] [2026-05-19T13:43:24.672Z] Checked if tokens are valid: true, expires at: 1779200491693
[debug] [2026-05-19T13:43:24.672Z] >>> [apiv2][query] GET https://cloudfunctions.googleapis.com/v2/projects/sample-firebase-ai-appj-9c9fa/locations/us-central1/operations/operation-1779198189871-6522bdc17a208-3d026849-43d3eeba [none]
[debug] [2026-05-19T13:43:25.082Z] <<< [apiv2][status] GET https://cloudfunctions.googleapis.com/v2/projects/sample-firebase-ai-appj-9c9fa/locations/us-central1/operations/operation-1779198189871-6522bdc17a208-3d026849-43d3eeba 200
[debug] [2026-05-19T13:43:25.082Z] <<< [apiv2][body] GET https://cloudfunctions.googleapis.com/v2/projects/sample-firebase-ai-appj-9c9fa/locations/us-central1/operations/operation-1779198189871-6522bdc17a208-3d026849-43d3eeba {"name":"projects/sample-firebase-ai-appj-9c9fa/locations/us-central1/operations/operation-1779198189871-6522bdc17a208-3d026849-43d3eeba","metadata":{"@type":"type.googleapis.com/google.cloud.functions.v2.OperationMetadata","createTime":"2026-05-19T13:43:11.099530419Z","target":"projects/sample-firebase-ai-appj-9c9fa/locations/us-central1/functions/exchange","verb":"update","cancelRequested":false,"apiVersion":"v2","requestResource":{"@type":"type.googleapis.com/google.cloud.functions.v2.Function","name":"projects/sample-firebase-ai-appj-9c9fa/locations/us-central1/functions/exchange","buildConfig":{"runtime":"nodejs20","entryPoint":"exchange","source":{"storageSource":{"bucket":"gcf-v2-sources-1021398475556-us-central1","object":"exchange/function-source.zip","generation":"1779198191047322"}},"environmentVariables":{"GOOGLE_NODE_RUN_SCRIPTS":""},"dockerRepository":"projects/sample-firebase-ai-appj-9c9fa/locations/us-central1/repositories/gcf-artifacts","sourceProvenance":{"resolvedStorageSource":{"bucket":"gcf-v2-sources-1021398475556-us-central1","object":"exchange/function-source.zip","generation":"1779184704066998"}},"dockerRegistry":"ARTIFACT_REGISTRY","serviceAccount":"projects/sample-firebase-ai-appj-9c9fa/serviceAccounts/1021398475556-compute@developer.gserviceaccount.com","automaticUpdatePolicy":{}},"serviceConfig":{"service":"projects/sample-firebase-ai-appj-9c9fa/locations/us-central1/services/exchange","timeoutSeconds":60,"environmentVariables":{"FIREBASE_CONFIG":"{\"projectId\":\"sample-firebase-ai-appj-9c9fa\",\"storageBucket\":\"sample-firebase-ai-appj-9c9fa.firebasestorage.app\"}","GCLOUD_PROJECT":"sample-firebase-ai-appj-9c9fa","EVENTARC_CLOUD_EVENT_SOURCE":"projects/sample-firebase-ai-appj-9c9fa/locations/us-central1/services/exchange","FUNCTION_TARGET":"exchange","LOG_EXECUTION_ID":"true"},"ingressSettings":"ALLOW_ALL","uri":"https://exchange-hyh6wpyjpq-uc.a.run.app","serviceAccountEmail":"1021398475556-compute@developer.gserviceaccount.com","availableMemory":"256Mi","allTrafficOnLatestRevision":true,"revision":"exchange-00004-nap","maxInstanceRequestConcurrency":80,"availableCpu":"1"},"state":"ACTIVE","labels":{"deployment-tool":"cloudfunctions","firebase-functions-hash":"ebee7643ac26718c7470037170e047f49e25fe6d"},"environment":"GEN_2","url":"https://us-central1-sample-firebase-ai-appj-9c9fa.cloudfunctions.net/exchange","satisfiesPzi":true},"stages":[{"name":"BUILD","message":"Build in progress","state":"IN_PROGRESS","resource":"projects/1021398475556/locations/us-central1/builds/a8cd938b-5949-424d-9d57-f181a2c6d146","resourceUri":"https://console.cloud.google.com/cloud-build/builds;region=us-central1/a8cd938b-5949-424d-9d57-f181a2c6d146?project=1021398475556"},{"name":"SERVICE","state":"NOT_STARTED"}],"operationType":"UPDATE_FUNCTION","buildName":"projects/1021398475556/locations/us-central1/builds/a8cd938b-5949-424d-9d57-f181a2c6d146"},"done":false}
[debug] [2026-05-19T13:43:33.090Z] [update-default-us-central1-exchange] Retrying task index 0
[debug] [2026-05-19T13:43:33.090Z] Checked if tokens are valid: true, expires at: 1779200491693
[debug] [2026-05-19T13:43:33.090Z] Checked if tokens are valid: true, expires at: 1779200491693
[debug] [2026-05-19T13:43:33.090Z] >>> [apiv2][query] GET https://cloudfunctions.googleapis.com/v2/projects/sample-firebase-ai-appj-9c9fa/locations/us-central1/operations/operation-1779198189871-6522bdc17a208-3d026849-43d3eeba [none]
[debug] [2026-05-19T13:43:35.957Z] <<< [apiv2][status] GET https://cloudfunctions.googleapis.com/v2/projects/sample-firebase-ai-appj-9c9fa/locations/us-central1/operations/operation-1779198189871-6522bdc17a208-3d026849-43d3eeba 200
[debug] [2026-05-19T13:43:35.958Z] <<< [apiv2][body] GET https://cloudfunctions.googleapis.com/v2/projects/sample-firebase-ai-appj-9c9fa/locations/us-central1/operations/operation-1779198189871-6522bdc17a208-3d026849-43d3eeba {"name":"projects/sample-firebase-ai-appj-9c9fa/locations/us-central1/operations/operation-1779198189871-6522bdc17a208-3d026849-43d3eeba","metadata":{"@type":"type.googleapis.com/google.cloud.functions.v2.OperationMetadata","createTime":"2026-05-19T13:43:11.099530419Z","target":"projects/sample-firebase-ai-appj-9c9fa/locations/us-central1/functions/exchange","verb":"update","cancelRequested":false,"apiVersion":"v2","requestResource":{"@type":"type.googleapis.com/google.cloud.functions.v2.Function","name":"projects/sample-firebase-ai-appj-9c9fa/locations/us-central1/functions/exchange","buildConfig":{"runtime":"nodejs20","entryPoint":"exchange","source":{"storageSource":{"bucket":"gcf-v2-sources-1021398475556-us-central1","object":"exchange/function-source.zip","generation":"1779198191047322"}},"environmentVariables":{"GOOGLE_NODE_RUN_SCRIPTS":""},"dockerRepository":"projects/sample-firebase-ai-appj-9c9fa/locations/us-central1/repositories/gcf-artifacts","sourceProvenance":{"resolvedStorageSource":{"bucket":"gcf-v2-sources-1021398475556-us-central1","object":"exchange/function-source.zip","generation":"1779184704066998"}},"dockerRegistry":"ARTIFACT_REGISTRY","serviceAccount":"projects/sample-firebase-ai-appj-9c9fa/serviceAccounts/1021398475556-compute@developer.gserviceaccount.com","automaticUpdatePolicy":{}},"serviceConfig":{"service":"projects/sample-firebase-ai-appj-9c9fa/locations/us-central1/services/exchange","timeoutSeconds":60,"environmentVariables":{"FIREBASE_CONFIG":"{\"projectId\":\"sample-firebase-ai-appj-9c9fa\",\"storageBucket\":\"sample-firebase-ai-appj-9c9fa.firebasestorage.app\"}","GCLOUD_PROJECT":"sample-firebase-ai-appj-9c9fa","EVENTARC_CLOUD_EVENT_SOURCE":"projects/sample-firebase-ai-appj-9c9fa/locations/us-central1/services/exchange","FUNCTION_TARGET":"exchange","LOG_EXECUTION_ID":"true"},"ingressSettings":"ALLOW_ALL","uri":"https://exchange-hyh6wpyjpq-uc.a.run.app","serviceAccountEmail":"1021398475556-compute@developer.gserviceaccount.com","availableMemory":"256Mi","allTrafficOnLatestRevision":true,"revision":"exchange-00004-nap","maxInstanceRequestConcurrency":80,"availableCpu":"1"},"state":"ACTIVE","labels":{"deployment-tool":"cloudfunctions","firebase-functions-hash":"ebee7643ac26718c7470037170e047f49e25fe6d"},"environment":"GEN_2","url":"https://us-central1-sample-firebase-ai-appj-9c9fa.cloudfunctions.net/exchange","satisfiesPzi":true},"stages":[{"name":"BUILD","message":"Build in progress","state":"IN_PROGRESS","resource":"projects/1021398475556/locations/us-central1/builds/a8cd938b-5949-424d-9d57-f181a2c6d146","resourceUri":"https://console.cloud.google.com/cloud-build/builds;region=us-central1/a8cd938b-5949-424d-9d57-f181a2c6d146?project=1021398475556"},{"name":"SERVICE","state":"NOT_STARTED"}],"operationType":"UPDATE_FUNCTION","buildName":"projects/1021398475556/locations/us-central1/builds/a8cd938b-5949-424d-9d57-f181a2c6d146"},"done":false}
[debug] [2026-05-19T13:43:45.968Z] [update-default-us-central1-exchange] Retrying task index 0
[debug] [2026-05-19T13:43:45.968Z] Checked if tokens are valid: true, expires at: 1779200491693
[debug] [2026-05-19T13:43:45.968Z] Checked if tokens are valid: true, expires at: 1779200491693
[debug] [2026-05-19T13:43:45.968Z] >>> [apiv2][query] GET https://cloudfunctions.googleapis.com/v2/projects/sample-firebase-ai-appj-9c9fa/locations/us-central1/operations/operation-1779198189871-6522bdc17a208-3d026849-43d3eeba [none]
[debug] [2026-05-19T13:43:47.783Z] <<< [apiv2][status] GET https://cloudfunctions.googleapis.com/v2/projects/sample-firebase-ai-appj-9c9fa/locations/us-central1/operations/operation-1779198189871-6522bdc17a208-3d026849-43d3eeba 200
[debug] [2026-05-19T13:43:47.783Z] <<< [apiv2][body] GET https://cloudfunctions.googleapis.com/v2/projects/sample-firebase-ai-appj-9c9fa/locations/us-central1/operations/operation-1779198189871-6522bdc17a208-3d026849-43d3eeba {"name":"projects/sample-firebase-ai-appj-9c9fa/locations/us-central1/operations/operation-1779198189871-6522bdc17a208-3d026849-43d3eeba","metadata":{"@type":"type.googleapis.com/google.cloud.functions.v2.OperationMetadata","createTime":"2026-05-19T13:43:11.099530419Z","target":"projects/sample-firebase-ai-appj-9c9fa/locations/us-central1/functions/exchange","verb":"update","cancelRequested":false,"apiVersion":"v2","requestResource":{"@type":"type.googleapis.com/google.cloud.functions.v2.Function","name":"projects/sample-firebase-ai-appj-9c9fa/locations/us-central1/functions/exchange","buildConfig":{"runtime":"nodejs20","entryPoint":"exchange","source":{"storageSource":{"bucket":"gcf-v2-sources-1021398475556-us-central1","object":"exchange/function-source.zip","generation":"1779198191047322"}},"environmentVariables":{"GOOGLE_NODE_RUN_SCRIPTS":""},"dockerRepository":"projects/sample-firebase-ai-appj-9c9fa/locations/us-central1/repositories/gcf-artifacts","sourceProvenance":{"resolvedStorageSource":{"bucket":"gcf-v2-sources-1021398475556-us-central1","object":"exchange/function-source.zip","generation":"1779184704066998"}},"dockerRegistry":"ARTIFACT_REGISTRY","serviceAccount":"projects/sample-firebase-ai-appj-9c9fa/serviceAccounts/1021398475556-compute@developer.gserviceaccount.com","automaticUpdatePolicy":{}},"serviceConfig":{"service":"projects/sample-firebase-ai-appj-9c9fa/locations/us-central1/services/exchange","timeoutSeconds":60,"environmentVariables":{"FIREBASE_CONFIG":"{\"projectId\":\"sample-firebase-ai-appj-9c9fa\",\"storageBucket\":\"sample-firebase-ai-appj-9c9fa.firebasestorage.app\"}","GCLOUD_PROJECT":"sample-firebase-ai-appj-9c9fa","EVENTARC_CLOUD_EVENT_SOURCE":"projects/sample-firebase-ai-appj-9c9fa/locations/us-central1/services/exchange","FUNCTION_TARGET":"exchange","LOG_EXECUTION_ID":"true"},"ingressSettings":"ALLOW_ALL","uri":"https://exchange-hyh6wpyjpq-uc.a.run.app","serviceAccountEmail":"1021398475556-compute@developer.gserviceaccount.com","availableMemory":"256Mi","allTrafficOnLatestRevision":true,"revision":"exchange-00004-nap","maxInstanceRequestConcurrency":80,"availableCpu":"1"},"state":"ACTIVE","labels":{"deployment-tool":"cloudfunctions","firebase-functions-hash":"ebee7643ac26718c7470037170e047f49e25fe6d"},"environment":"GEN_2","url":"https://us-central1-sample-firebase-ai-appj-9c9fa.cloudfunctions.net/exchange","satisfiesPzi":true},"stages":[{"name":"BUILD","message":"Build in progress","state":"IN_PROGRESS","resource":"projects/1021398475556/locations/us-central1/builds/a8cd938b-5949-424d-9d57-f181a2c6d146","resourceUri":"https://console.cloud.google.com/cloud-build/builds;region=us-central1/a8cd938b-5949-424d-9d57-f181a2c6d146?project=1021398475556"},{"name":"SERVICE","state":"NOT_STARTED"}],"operationType":"UPDATE_FUNCTION","buildName":"projects/1021398475556/locations/us-central1/builds/a8cd938b-5949-424d-9d57-f181a2c6d146"},"done":false}
[debug] [2026-05-19T13:43:57.793Z] [update-default-us-central1-exchange] Retrying task index 0
[debug] [2026-05-19T13:43:57.794Z] Checked if tokens are valid: true, expires at: 1779200491693
[debug] [2026-05-19T13:43:57.794Z] Checked if tokens are valid: true, expires at: 1779200491693
[debug] [2026-05-19T13:43:57.794Z] >>> [apiv2][query] GET https://cloudfunctions.googleapis.com/v2/projects/sample-firebase-ai-appj-9c9fa/locations/us-central1/operations/operation-1779198189871-6522bdc17a208-3d026849-43d3eeba [none]
[debug] [2026-05-19T13:43:59.567Z] <<< [apiv2][status] GET https://cloudfunctions.googleapis.com/v2/projects/sample-firebase-ai-appj-9c9fa/locations/us-central1/operations/operation-1779198189871-6522bdc17a208-3d026849-43d3eeba 200
[debug] [2026-05-19T13:43:59.567Z] <<< [apiv2][body] GET https://cloudfunctions.googleapis.com/v2/projects/sample-firebase-ai-appj-9c9fa/locations/us-central1/operations/operation-1779198189871-6522bdc17a208-3d026849-43d3eeba {"name":"projects/sample-firebase-ai-appj-9c9fa/locations/us-central1/operations/operation-1779198189871-6522bdc17a208-3d026849-43d3eeba","metadata":{"@type":"type.googleapis.com/google.cloud.functions.v2.OperationMetadata","createTime":"2026-05-19T13:43:11.099530419Z","endTime":"2026-05-19T13:43:57.442406460Z","target":"projects/sample-firebase-ai-appj-9c9fa/locations/us-central1/functions/exchange","verb":"update","cancelRequested":false,"apiVersion":"v2","requestResource":{"@type":"type.googleapis.com/google.cloud.functions.v2.Function","name":"projects/sample-firebase-ai-appj-9c9fa/locations/us-central1/functions/exchange","buildConfig":{"runtime":"nodejs20","entryPoint":"exchange","source":{"storageSource":{"bucket":"gcf-v2-sources-1021398475556-us-central1","object":"exchange/function-source.zip","generation":"1779198191047322"}},"environmentVariables":{"GOOGLE_NODE_RUN_SCRIPTS":""},"dockerRepository":"projects/sample-firebase-ai-appj-9c9fa/locations/us-central1/repositories/gcf-artifacts","sourceProvenance":{"resolvedStorageSource":{"bucket":"gcf-v2-sources-1021398475556-us-central1","object":"exchange/function-source.zip","generation":"1779184704066998"}},"dockerRegistry":"ARTIFACT_REGISTRY","serviceAccount":"projects/sample-firebase-ai-appj-9c9fa/serviceAccounts/1021398475556-compute@developer.gserviceaccount.com","automaticUpdatePolicy":{}},"serviceConfig":{"service":"projects/sample-firebase-ai-appj-9c9fa/locations/us-central1/services/exchange","timeoutSeconds":60,"environmentVariables":{"FIREBASE_CONFIG":"{\"projectId\":\"sample-firebase-ai-appj-9c9fa\",\"storageBucket\":\"sample-firebase-ai-appj-9c9fa.firebasestorage.app\"}","GCLOUD_PROJECT":"sample-firebase-ai-appj-9c9fa","EVENTARC_CLOUD_EVENT_SOURCE":"projects/sample-firebase-ai-appj-9c9fa/locations/us-central1/services/exchange","FUNCTION_TARGET":"exchange","LOG_EXECUTION_ID":"true"},"ingressSettings":"ALLOW_ALL","uri":"https://exchange-hyh6wpyjpq-uc.a.run.app","serviceAccountEmail":"1021398475556-compute@developer.gserviceaccount.com","availableMemory":"256Mi","allTrafficOnLatestRevision":true,"revision":"exchange-00004-nap","maxInstanceRequestConcurrency":80,"availableCpu":"1"},"state":"ACTIVE","labels":{"deployment-tool":"cloudfunctions","firebase-functions-hash":"ebee7643ac26718c7470037170e047f49e25fe6d"},"environment":"GEN_2","url":"https://us-central1-sample-firebase-ai-appj-9c9fa.cloudfunctions.net/exchange","satisfiesPzi":true},"stages":[{"name":"BUILD","message":"Build finished","state":"COMPLETE","resource":"projects/1021398475556/locations/us-central1/builds/a8cd938b-5949-424d-9d57-f181a2c6d146","resourceUri":"https://console.cloud.google.com/cloud-build/builds;region=us-central1/a8cd938b-5949-424d-9d57-f181a2c6d146?project=1021398475556"},{"name":"SERVICE","message":"Updating Cloud Run service","state":"COMPLETE","resource":"projects/sample-firebase-ai-appj-9c9fa/locations/us-central1/services/exchange","resourceUri":"https://console.cloud.google.com/run/detail/us-central1/exchange?project=sample-firebase-ai-appj-9c9fa","stateMessages":[{"severity":"INFO","type":"CloudRunServiceNewRevisionTrafficInfo","message":"A new revision will be deployed serving with 100% traffic."}]}],"sourceToken":"Clhwcm9qZWN0cy8xMDIxMzk4NDc1NTU2L2xvY2F0aW9ucy91cy1jZW50cmFsMS9idWlsZHMvYThjZDkzOGItNTk0OS00MjRkLTlkNTctZjE4MWEyYzZkMTQ2EooBdXMtY2VudHJhbDEtZG9ja2VyLnBrZy5kZXYvc2FtcGxlLWZpcmViYXNlLWFpLWFwcGotOWM5ZmEvZ2NmLWFydGlmYWN0cy9zYW1wbGUtLWZpcmViYXNlLS1haS0tYXBwai0tOWM5ZmFfX3VzLS1jZW50cmFsMV9fZXhjaGFuZ2U6dmVyc2lvbl8xGKTG34DdHSJPcHJvamVjdHMvc2FtcGxlLWZpcmViYXNlLWFpLWFwcGotOWM5ZmEvbG9jYXRpb25zL3VzLWNlbnRyYWwxL2Z1bmN0aW9ucy9leGNoYW5nZSoMCJTSsdAGELD25tQCMghub2RlanMyMDp2CiNnY3IuaW8vZ2FlLXJ1bnRpbWVzL25vZGVqczIwOnN0YWJsZRJPdXMtY2VudHJhbDEtZG9ja2VyLnBrZy5kZXYvc2VydmVybGVzcy1ydW50aW1lcy9nb29nbGUtMjItZnVsbC9ydW50aW1lcy9ub2RlanMyMEAB","operationType":"UPDATE_FUNCTION","buildName":"projects/1021398475556/locations/us-central1/builds/a8cd938b-5949-424d-9d57-f181a2c6d146"},"done":true,"response":{"@type":"type.googleapis.com/google.cloud.functions.v2.Function","name":"projects/sample-firebase-ai-appj-9c9fa/locations/us-central1/functions/exchange","buildConfig":{"build":"projects/1021398475556/locations/us-central1/builds/a8cd938b-5949-424d-9d57-f181a2c6d146","runtime":"nodejs20","entryPoint":"exchange","source":{"storageSource":{"bucket":"gcf-v2-sources-1021398475556-us-central1","object":"exchange/function-source.zip","generation":"1779198191047322"}},"environmentVariables":{"GOOGLE_NODE_RUN_SCRIPTS":""},"dockerRepository":"projects/sample-firebase-ai-appj-9c9fa/locations/us-central1/repositories/gcf-artifacts","sourceProvenance":{"resolvedStorageSource":{"bucket":"gcf-v2-sources-1021398475556-us-central1","object":"exchange/function-source.zip","generation":"1779198191047322"}},"dockerRegistry":"ARTIFACT_REGISTRY","serviceAccount":"projects/sample-firebase-ai-appj-9c9fa/serviceAccounts/1021398475556-compute@developer.gserviceaccount.com","automaticUpdatePolicy":{}},"serviceConfig":{"service":"projects/sample-firebase-ai-appj-9c9fa/locations/us-central1/services/exchange","timeoutSeconds":60,"environmentVariables":{"FIREBASE_CONFIG":"{\"projectId\":\"sample-firebase-ai-appj-9c9fa\",\"storageBucket\":\"sample-firebase-ai-appj-9c9fa.firebasestorage.app\"}","GCLOUD_PROJECT":"sample-firebase-ai-appj-9c9fa","EVENTARC_CLOUD_EVENT_SOURCE":"projects/sample-firebase-ai-appj-9c9fa/locations/us-central1/services/exchange","FUNCTION_TARGET":"exchange","LOG_EXECUTION_ID":"true"},"maxInstanceCount":3,"ingressSettings":"ALLOW_ALL","uri":"https://exchange-hyh6wpyjpq-uc.a.run.app","serviceAccountEmail":"1021398475556-compute@developer.gserviceaccount.com","availableMemory":"256Mi","allTrafficOnLatestRevision":true,"revision":"exchange-00005-foz","maxInstanceRequestConcurrency":80,"availableCpu":"1"},"state":"ACTIVE","updateTime":"2026-05-19T13:43:11.102571860Z","labels":{"deployment-tool":"cli-firebase","firebase-functions-hash":"ebee7643ac26718c7470037170e047f49e25fe6d"},"environment":"GEN_2","url":"https://us-central1-sample-firebase-ai-appj-9c9fa.cloudfunctions.net/exchange","createTime":"2026-05-15T19:52:45.043612631Z","satisfiesPzi":true}}
[debug] [2026-05-19T13:43:59.568Z] Got source token Clhwcm9qZWN0cy8xMDIxMzk4NDc1NTU2L2xvY2F0aW9ucy91cy1jZW50cmFsMS9idWlsZHMvYThjZDkzOGItNTk0OS00MjRkLTlkNTctZjE4MWEyYzZkMTQ2EooBdXMtY2VudHJhbDEtZG9ja2VyLnBrZy5kZXYvc2FtcGxlLWZpcmViYXNlLWFpLWFwcGotOWM5ZmEvZ2NmLWFydGlmYWN0cy9zYW1wbGUtLWZpcmViYXNlLS1haS0tYXBwai0tOWM5ZmFfX3VzLS1jZW50cmFsMV9fZXhjaGFuZ2U6dmVyc2lvbl8xGKTG34DdHSJPcHJvamVjdHMvc2FtcGxlLWZpcmViYXNlLWFpLWFwcGotOWM5ZmEvbG9jYXRpb25zL3VzLWNlbnRyYWwxL2Z1bmN0aW9ucy9leGNoYW5nZSoMCJTSsdAGELD25tQCMghub2RlanMyMDp2CiNnY3IuaW8vZ2FlLXJ1bnRpbWVzL25vZGVqczIwOnN0YWJsZRJPdXMtY2VudHJhbDEtZG9ja2VyLnBrZy5kZXYvc2VydmVybGVzcy1ydW50aW1lcy9nb29nbGUtMjItZnVsbC9ydW50aW1lcy9ub2RlanMyMEAB for region us-central1
[debug] [2026-05-19T13:43:59.568Z] Checked if tokens are valid: true, expires at: 1779200491693
[debug] [2026-05-19T13:43:59.568Z] Checked if tokens are valid: true, expires at: 1779200491693
[debug] [2026-05-19T13:43:59.568Z] >>> [apiv2][query] PATCH https://cloudfunctions.googleapis.com/v2/projects/sample-firebase-ai-appj-9c9fa/locations/us-central1/functions/refresh updateMask=name%2CbuildConfig.runtime%2CbuildConfig.entryPoint%2CbuildConfig.source.storageSource.bucket%2CbuildConfig.source.storageSource.object%2CbuildConfig.environmentVariables%2CbuildConfig.sourceToken%2CserviceConfig.environmentVariables%2CserviceConfig.ingressSettings%2CserviceConfig.timeoutSeconds%2CserviceConfig.serviceAccountEmail%2CserviceConfig.availableMemory%2CserviceConfig.minInstanceCount%2CserviceConfig.maxInstanceCount%2CserviceConfig.maxInstanceRequestConcurrency%2CserviceConfig.availableCpu%2CserviceConfig.vpcConnector%2CserviceConfig.vpcConnectorEgressSettings%2Clabels
[debug] [2026-05-19T13:43:59.569Z] >>> [apiv2][body] PATCH https://cloudfunctions.googleapis.com/v2/projects/sample-firebase-ai-appj-9c9fa/locations/us-central1/functions/refresh {"name":"projects/sample-firebase-ai-appj-9c9fa/locations/us-central1/functions/refresh","buildConfig":{"runtime":"nodejs20","entryPoint":"refresh","source":{"storageSource":{"bucket":"gcf-v2-uploads-1021398475556.us-central1.cloudfunctions.appspot.com","object":"fd46fb76-482f-4175-aeaf-5257c55f1953.zip"}},"environmentVariables":{"GOOGLE_NODE_RUN_SCRIPTS":""},"sourceToken":"Clhwcm9qZWN0cy8xMDIxMzk4NDc1NTU2L2xvY2F0aW9ucy91cy1jZW50cmFsMS9idWlsZHMvYThjZDkzOGItNTk0OS00MjRkLTlkNTctZjE4MWEyYzZkMTQ2EooBdXMtY2VudHJhbDEtZG9ja2VyLnBrZy5kZXYvc2FtcGxlLWZpcmViYXNlLWFpLWFwcGotOWM5ZmEvZ2NmLWFydGlmYWN0cy9zYW1wbGUtLWZpcmViYXNlLS1haS0tYXBwai0tOWM5ZmFfX3VzLS1jZW50cmFsMV9fZXhjaGFuZ2U6dmVyc2lvbl8xGKTG34DdHSJPcHJvamVjdHMvc2FtcGxlLWZpcmViYXNlLWFpLWFwcGotOWM5ZmEvbG9jYXRpb25zL3VzLWNlbnRyYWwxL2Z1bmN0aW9ucy9leGNoYW5nZSoMCJTSsdAGELD25tQCMghub2RlanMyMDp2CiNnY3IuaW8vZ2FlLXJ1bnRpbWVzL25vZGVqczIwOnN0YWJsZRJPdXMtY2VudHJhbDEtZG9ja2VyLnBrZy5kZXYvc2VydmVybGVzcy1ydW50aW1lcy9nb29nbGUtMjItZnVsbC9ydW50aW1lcy9ub2RlanMyMEAB"},"serviceConfig":{"environmentVariables":{"FIREBASE_CONFIG":"{\"projectId\":\"sample-firebase-ai-appj-9c9fa\",\"storageBucket\":\"sample-firebase-ai-appj-9c9fa.firebasestorage.app\"}","GCLOUD_PROJECT":"sample-firebase-ai-appj-9c9fa","EVENTARC_CLOUD_EVENT_SOURCE":"projects/sample-firebase-ai-appj-9c9fa/locations/us-central1/services/refresh","FUNCTION_TARGET":"refresh","LOG_EXECUTION_ID":"true","FUNCTION_SIGNATURE_TYPE":"http"},"ingressSettings":null,"timeoutSeconds":null,"serviceAccountEmail":null,"availableMemory":"256Mi","minInstanceCount":null,"maxInstanceCount":null,"maxInstanceRequestConcurrency":80,"availableCpu":"1","vpcConnector":null,"vpcConnectorEgressSettings":null},"labels":{"deployment-tool":"cli-firebase","firebase-functions-hash":"ebee7643ac26718c7470037170e047f49e25fe6d"}}
[info] +  functions[exchange(us-central1)] Successful update operation. 
[debug] [2026-05-19T13:44:00.901Z] <<< [apiv2][status] PATCH https://cloudfunctions.googleapis.com/v2/projects/sample-firebase-ai-appj-9c9fa/locations/us-central1/functions/refresh 200
[debug] [2026-05-19T13:44:00.902Z] <<< [apiv2][body] PATCH https://cloudfunctions.googleapis.com/v2/projects/sample-firebase-ai-appj-9c9fa/locations/us-central1/functions/refresh {"name":"projects/sample-firebase-ai-appj-9c9fa/locations/us-central1/operations/operation-1779198238678-6522bdf005c13-651a1860-d1ef106e","metadata":{"@type":"type.googleapis.com/google.cloud.functions.v2.OperationMetadata","createTime":"2026-05-19T13:43:59.523751334Z","target":"projects/sample-firebase-ai-appj-9c9fa/locations/us-central1/functions/refresh","verb":"update","cancelRequested":false,"apiVersion":"v2"},"done":false}
[debug] [2026-05-19T13:44:00.902Z] Checked if tokens are valid: true, expires at: 1779200491693
[debug] [2026-05-19T13:44:00.902Z] Checked if tokens are valid: true, expires at: 1779200491693
[debug] [2026-05-19T13:44:00.902Z] >>> [apiv2][query] GET https://cloudfunctions.googleapis.com/v2/projects/sample-firebase-ai-appj-9c9fa/locations/us-central1/operations/operation-1779198238678-6522bdf005c13-651a1860-d1ef106e [none]
[debug] [2026-05-19T13:44:02.543Z] <<< [apiv2][status] GET https://cloudfunctions.googleapis.com/v2/projects/sample-firebase-ai-appj-9c9fa/locations/us-central1/operations/operation-1779198238678-6522bdf005c13-651a1860-d1ef106e 200
[debug] [2026-05-19T13:44:02.544Z] <<< [apiv2][body] GET https://cloudfunctions.googleapis.com/v2/projects/sample-firebase-ai-appj-9c9fa/locations/us-central1/operations/operation-1779198238678-6522bdf005c13-651a1860-d1ef106e {"name":"projects/sample-firebase-ai-appj-9c9fa/locations/us-central1/operations/operation-1779198238678-6522bdf005c13-651a1860-d1ef106e","metadata":{"@type":"type.googleapis.com/google.cloud.functions.v2.OperationMetadata","createTime":"2026-05-19T13:43:59.523751334Z","target":"projects/sample-firebase-ai-appj-9c9fa/locations/us-central1/functions/refresh","verb":"update","cancelRequested":false,"apiVersion":"v2","requestResource":{"@type":"type.googleapis.com/google.cloud.functions.v2.Function","name":"projects/sample-firebase-ai-appj-9c9fa/locations/us-central1/functions/refresh","buildConfig":{"runtime":"nodejs20","entryPoint":"refresh","source":{"storageSource":{"bucket":"gcf-v2-sources-1021398475556-us-central1","object":"refresh/function-source.zip","generation":"1779198239465905"}},"environmentVariables":{"GOOGLE_NODE_RUN_SCRIPTS":""},"dockerRepository":"projects/sample-firebase-ai-appj-9c9fa/locations/us-central1/repositories/gcf-artifacts","sourceProvenance":{"resolvedStorageSource":{"bucket":"gcf-v2-sources-1021398475556-us-central1","object":"refresh/function-source.zip","generation":"1779184743152055"}},"dockerRegistry":"ARTIFACT_REGISTRY","sourceToken":"Clhwcm9qZWN0cy8xMDIxMzk4NDc1NTU2L2xvY2F0aW9ucy91cy1jZW50cmFsMS9idWlsZHMvYThjZDkzOGItNTk0OS00MjRkLTlkNTctZjE4MWEyYzZkMTQ2EooBdXMtY2VudHJhbDEtZG9ja2VyLnBrZy5kZXYvc2FtcGxlLWZpcmViYXNlLWFpLWFwcGotOWM5ZmEvZ2NmLWFydGlmYWN0cy9zYW1wbGUtLWZpcmViYXNlLS1haS0tYXBwai0tOWM5ZmFfX3VzLS1jZW50cmFsMV9fZXhjaGFuZ2U6dmVyc2lvbl8xGKTG34DdHSJPcHJvamVjdHMvc2FtcGxlLWZpcmViYXNlLWFpLWFwcGotOWM5ZmEvbG9jYXRpb25zL3VzLWNlbnRyYWwxL2Z1bmN0aW9ucy9leGNoYW5nZSoMCJTSsdAGELD25tQCMghub2RlanMyMDp2CiNnY3IuaW8vZ2FlLXJ1bnRpbWVzL25vZGVqczIwOnN0YWJsZRJPdXMtY2VudHJhbDEtZG9ja2VyLnBrZy5kZXYvc2VydmVybGVzcy1ydW50aW1lcy9nb29nbGUtMjItZnVsbC9ydW50aW1lcy9ub2RlanMyMEAB","serviceAccount":"projects/sample-firebase-ai-appj-9c9fa/serviceAccounts/1021398475556-compute@developer.gserviceaccount.com","automaticUpdatePolicy":{}},"serviceConfig":{"service":"projects/sample-firebase-ai-appj-9c9fa/locations/us-central1/services/refresh","timeoutSeconds":60,"environmentVariables":{"FIREBASE_CONFIG":"{\"projectId\":\"sample-firebase-ai-appj-9c9fa\",\"storageBucket\":\"sample-firebase-ai-appj-9c9fa.firebasestorage.app\"}","GCLOUD_PROJECT":"sample-firebase-ai-appj-9c9fa","EVENTARC_CLOUD_EVENT_SOURCE":"projects/sample-firebase-ai-appj-9c9fa/locations/us-central1/services/refresh","FUNCTION_TARGET":"refresh","LOG_EXECUTION_ID":"true","FUNCTION_SIGNATURE_TYPE":"http"},"ingressSettings":"ALLOW_ALL","uri":"https://refresh-hyh6wpyjpq-uc.a.run.app","serviceAccountEmail":"1021398475556-compute@developer.gserviceaccount.com","availableMemory":"256Mi","allTrafficOnLatestRevision":true,"revision":"refresh-00004-cub","maxInstanceRequestConcurrency":80,"availableCpu":"1"},"state":"ACTIVE","labels":{"deployment-tool":"cloudfunctions","firebase-functions-hash":"ebee7643ac26718c7470037170e047f49e25fe6d"},"environment":"GEN_2","url":"https://us-central1-sample-firebase-ai-appj-9c9fa.cloudfunctions.net/refresh","satisfiesPzi":true},"stages":[{"name":"BUILD","message":"Reusing build","state":"COMPLETE","resource":"projects/1021398475556/locations/us-central1/builds/a8cd938b-5949-424d-9d57-f181a2c6d146","stateMessages":[{"severity":"WARNING","type":"BuildAnalysisWarning","message":"Node.js 20 is no longer supported by the Node.js community as of 30 April, 2026. Runtime nodejs20 is currently deprecated for Cloud Functions. We recommend you to upgrade to the latest version of Node.js as soon as possible."}]},{"name":"SERVICE","message":"Updating Cloud Run service","state":"IN_PROGRESS","resource":"projects/sample-firebase-ai-appj-9c9fa/locations/us-central1/services/refresh","resourceUri":"https://console.cloud.google.com/run/detail/us-central1/refresh?project=sample-firebase-ai-appj-9c9fa","stateMessages":[{"severity":"INFO","type":"CloudRunServiceNewRevisionTrafficInfo","message":"A new revision will be deployed serving with 100% traffic."}]}],"sourceToken":"Clhwcm9qZWN0cy8xMDIxMzk4NDc1NTU2L2xvY2F0aW9ucy91cy1jZW50cmFsMS9idWlsZHMvYThjZDkzOGItNTk0OS00MjRkLTlkNTctZjE4MWEyYzZkMTQ2EooBdXMtY2VudHJhbDEtZG9ja2VyLnBrZy5kZXYvc2FtcGxlLWZpcmViYXNlLWFpLWFwcGotOWM5ZmEvZ2NmLWFydGlmYWN0cy9zYW1wbGUtLWZpcmViYXNlLS1haS0tYXBwai0tOWM5ZmFfX3VzLS1jZW50cmFsMV9fZXhjaGFuZ2U6dmVyc2lvbl8xGKTG34DdHSJPcHJvamVjdHMvc2FtcGxlLWZpcmViYXNlLWFpLWFwcGotOWM5ZmEvbG9jYXRpb25zL3VzLWNlbnRyYWwxL2Z1bmN0aW9ucy9leGNoYW5nZSoMCJTSsdAGELD25tQCMghub2RlanMyMDp2CiNnY3IuaW8vZ2FlLXJ1bnRpbWVzL25vZGVqczIwOnN0YWJsZRJPdXMtY2VudHJhbDEtZG9ja2VyLnBrZy5kZXYvc2VydmVybGVzcy1ydW50aW1lcy9nb29nbGUtMjItZnVsbC9ydW50aW1lcy9ub2RlanMyMEAB","operationType":"UPDATE_FUNCTION","buildName":"projects/1021398475556/locations/us-central1/builds/a8cd938b-5949-424d-9d57-f181a2c6d146"},"done":false}
[debug] [2026-05-19T13:44:02.544Z] Got source token Clhwcm9qZWN0cy8xMDIxMzk4NDc1NTU2L2xvY2F0aW9ucy91cy1jZW50cmFsMS9idWlsZHMvYThjZDkzOGItNTk0OS00MjRkLTlkNTctZjE4MWEyYzZkMTQ2EooBdXMtY2VudHJhbDEtZG9ja2VyLnBrZy5kZXYvc2FtcGxlLWZpcmViYXNlLWFpLWFwcGotOWM5ZmEvZ2NmLWFydGlmYWN0cy9zYW1wbGUtLWZpcmViYXNlLS1haS0tYXBwai0tOWM5ZmFfX3VzLS1jZW50cmFsMV9fZXhjaGFuZ2U6dmVyc2lvbl8xGKTG34DdHSJPcHJvamVjdHMvc2FtcGxlLWZpcmViYXNlLWFpLWFwcGotOWM5ZmEvbG9jYXRpb25zL3VzLWNlbnRyYWwxL2Z1bmN0aW9ucy9leGNoYW5nZSoMCJTSsdAGELD25tQCMghub2RlanMyMDp2CiNnY3IuaW8vZ2FlLXJ1bnRpbWVzL25vZGVqczIwOnN0YWJsZRJPdXMtY2VudHJhbDEtZG9ja2VyLnBrZy5kZXYvc2VydmVybGVzcy1ydW50aW1lcy9nb29nbGUtMjItZnVsbC9ydW50aW1lcy9ub2RlanMyMEAB for region us-central1
[debug] [2026-05-19T13:44:03.057Z] [update-default-us-central1-refresh] Retrying task index 0
[debug] [2026-05-19T13:44:03.057Z] Checked if tokens are valid: true, expires at: 1779200491693
[debug] [2026-05-19T13:44:03.057Z] Checked if tokens are valid: true, expires at: 1779200491693
[debug] [2026-05-19T13:44:03.057Z] >>> [apiv2][query] GET https://cloudfunctions.googleapis.com/v2/projects/sample-firebase-ai-appj-9c9fa/locations/us-central1/operations/operation-1779198238678-6522bdf005c13-651a1860-d1ef106e [none]
[debug] [2026-05-19T13:44:11.819Z] <<< [apiv2][status] GET https://cloudfunctions.googleapis.com/v2/projects/sample-firebase-ai-appj-9c9fa/locations/us-central1/operations/operation-1779198238678-6522bdf005c13-651a1860-d1ef106e 200
[debug] [2026-05-19T13:44:11.819Z] <<< [apiv2][body] GET https://cloudfunctions.googleapis.com/v2/projects/sample-firebase-ai-appj-9c9fa/locations/us-central1/operations/operation-1779198238678-6522bdf005c13-651a1860-d1ef106e {"name":"projects/sample-firebase-ai-appj-9c9fa/locations/us-central1/operations/operation-1779198238678-6522bdf005c13-651a1860-d1ef106e","metadata":{"@type":"type.googleapis.com/google.cloud.functions.v2.OperationMetadata","createTime":"2026-05-19T13:43:59.523751334Z","endTime":"2026-05-19T13:44:08.220096358Z","target":"projects/sample-firebase-ai-appj-9c9fa/locations/us-central1/functions/refresh","verb":"update","cancelRequested":false,"apiVersion":"v2","requestResource":{"@type":"type.googleapis.com/google.cloud.functions.v2.Function","name":"projects/sample-firebase-ai-appj-9c9fa/locations/us-central1/functions/refresh","buildConfig":{"runtime":"nodejs20","entryPoint":"refresh","source":{"storageSource":{"bucket":"gcf-v2-sources-1021398475556-us-central1","object":"refresh/function-source.zip","generation":"1779198239465905"}},"environmentVariables":{"GOOGLE_NODE_RUN_SCRIPTS":""},"dockerRepository":"projects/sample-firebase-ai-appj-9c9fa/locations/us-central1/repositories/gcf-artifacts","sourceProvenance":{"resolvedStorageSource":{"bucket":"gcf-v2-sources-1021398475556-us-central1","object":"refresh/function-source.zip","generation":"1779184743152055"}},"dockerRegistry":"ARTIFACT_REGISTRY","sourceToken":"Clhwcm9qZWN0cy8xMDIxMzk4NDc1NTU2L2xvY2F0aW9ucy91cy1jZW50cmFsMS9idWlsZHMvYThjZDkzOGItNTk0OS00MjRkLTlkNTctZjE4MWEyYzZkMTQ2EooBdXMtY2VudHJhbDEtZG9ja2VyLnBrZy5kZXYvc2FtcGxlLWZpcmViYXNlLWFpLWFwcGotOWM5ZmEvZ2NmLWFydGlmYWN0cy9zYW1wbGUtLWZpcmViYXNlLS1haS0tYXBwai0tOWM5ZmFfX3VzLS1jZW50cmFsMV9fZXhjaGFuZ2U6dmVyc2lvbl8xGKTG34DdHSJPcHJvamVjdHMvc2FtcGxlLWZpcmViYXNlLWFpLWFwcGotOWM5ZmEvbG9jYXRpb25zL3VzLWNlbnRyYWwxL2Z1bmN0aW9ucy9leGNoYW5nZSoMCJTSsdAGELD25tQCMghub2RlanMyMDp2CiNnY3IuaW8vZ2FlLXJ1bnRpbWVzL25vZGVqczIwOnN0YWJsZRJPdXMtY2VudHJhbDEtZG9ja2VyLnBrZy5kZXYvc2VydmVybGVzcy1ydW50aW1lcy9nb29nbGUtMjItZnVsbC9ydW50aW1lcy9ub2RlanMyMEAB","serviceAccount":"projects/sample-firebase-ai-appj-9c9fa/serviceAccounts/1021398475556-compute@developer.gserviceaccount.com","automaticUpdatePolicy":{}},"serviceConfig":{"service":"projects/sample-firebase-ai-appj-9c9fa/locations/us-central1/services/refresh","timeoutSeconds":60,"environmentVariables":{"FIREBASE_CONFIG":"{\"projectId\":\"sample-firebase-ai-appj-9c9fa\",\"storageBucket\":\"sample-firebase-ai-appj-9c9fa.firebasestorage.app\"}","GCLOUD_PROJECT":"sample-firebase-ai-appj-9c9fa","EVENTARC_CLOUD_EVENT_SOURCE":"projects/sample-firebase-ai-appj-9c9fa/locations/us-central1/services/refresh","FUNCTION_TARGET":"refresh","LOG_EXECUTION_ID":"true","FUNCTION_SIGNATURE_TYPE":"http"},"ingressSettings":"ALLOW_ALL","uri":"https://refresh-hyh6wpyjpq-uc.a.run.app","serviceAccountEmail":"1021398475556-compute@developer.gserviceaccount.com","availableMemory":"256Mi","allTrafficOnLatestRevision":true,"revision":"refresh-00004-cub","maxInstanceRequestConcurrency":80,"availableCpu":"1"},"state":"ACTIVE","labels":{"deployment-tool":"cloudfunctions","firebase-functions-hash":"ebee7643ac26718c7470037170e047f49e25fe6d"},"environment":"GEN_2","url":"https://us-central1-sample-firebase-ai-appj-9c9fa.cloudfunctions.net/refresh","satisfiesPzi":true},"stages":[{"name":"BUILD","message":"Reusing build","state":"COMPLETE","resource":"projects/1021398475556/locations/us-central1/builds/a8cd938b-5949-424d-9d57-f181a2c6d146","stateMessages":[{"severity":"WARNING","type":"BuildAnalysisWarning","message":"Node.js 20 is no longer supported by the Node.js community as of 30 April, 2026. Runtime nodejs20 is currently deprecated for Cloud Functions. We recommend you to upgrade to the latest version of Node.js as soon as possible."}]},{"name":"SERVICE","message":"Updating Cloud Run service","state":"COMPLETE","resource":"projects/sample-firebase-ai-appj-9c9fa/locations/us-central1/services/refresh","resourceUri":"https://console.cloud.google.com/run/detail/us-central1/refresh?project=sample-firebase-ai-appj-9c9fa","stateMessages":[{"severity":"INFO","type":"CloudRunServiceNewRevisionTrafficInfo","message":"A new revision will be deployed serving with 100% traffic."}]}],"sourceToken":"Clhwcm9qZWN0cy8xMDIxMzk4NDc1NTU2L2xvY2F0aW9ucy91cy1jZW50cmFsMS9idWlsZHMvYThjZDkzOGItNTk0OS00MjRkLTlkNTctZjE4MWEyYzZkMTQ2EooBdXMtY2VudHJhbDEtZG9ja2VyLnBrZy5kZXYvc2FtcGxlLWZpcmViYXNlLWFpLWFwcGotOWM5ZmEvZ2NmLWFydGlmYWN0cy9zYW1wbGUtLWZpcmViYXNlLS1haS0tYXBwai0tOWM5ZmFfX3VzLS1jZW50cmFsMV9fZXhjaGFuZ2U6dmVyc2lvbl8xGKTG34DdHSJPcHJvamVjdHMvc2FtcGxlLWZpcmViYXNlLWFpLWFwcGotOWM5ZmEvbG9jYXRpb25zL3VzLWNlbnRyYWwxL2Z1bmN0aW9ucy9leGNoYW5nZSoMCJTSsdAGELD25tQCMghub2RlanMyMDp2CiNnY3IuaW8vZ2FlLXJ1bnRpbWVzL25vZGVqczIwOnN0YWJsZRJPdXMtY2VudHJhbDEtZG9ja2VyLnBrZy5kZXYvc2VydmVybGVzcy1ydW50aW1lcy9nb29nbGUtMjItZnVsbC9ydW50aW1lcy9ub2RlanMyMEAB","operationType":"UPDATE_FUNCTION","buildName":"projects/1021398475556/locations/us-central1/builds/a8cd938b-5949-424d-9d57-f181a2c6d146"},"done":true,"response":{"@type":"type.googleapis.com/google.cloud.functions.v2.Function","name":"projects/sample-firebase-ai-appj-9c9fa/locations/us-central1/functions/refresh","buildConfig":{"build":"projects/1021398475556/locations/us-central1/builds/a8cd938b-5949-424d-9d57-f181a2c6d146","runtime":"nodejs20","entryPoint":"refresh","source":{"storageSource":{"bucket":"gcf-v2-sources-1021398475556-us-central1","object":"refresh/function-source.zip","generation":"1779198239465905"}},"environmentVariables":{"GOOGLE_NODE_RUN_SCRIPTS":""},"dockerRepository":"projects/sample-firebase-ai-appj-9c9fa/locations/us-central1/repositories/gcf-artifacts","sourceProvenance":{"resolvedStorageSource":{"bucket":"gcf-v2-sources-1021398475556-us-central1","object":"refresh/function-source.zip","generation":"1779198239465905"}},"dockerRegistry":"ARTIFACT_REGISTRY","serviceAccount":"projects/sample-firebase-ai-appj-9c9fa/serviceAccounts/1021398475556-compute@developer.gserviceaccount.com","automaticUpdatePolicy":{}},"serviceConfig":{"service":"projects/sample-firebase-ai-appj-9c9fa/locations/us-central1/services/refresh","timeoutSeconds":60,"environmentVariables":{"FIREBASE_CONFIG":"{\"projectId\":\"sample-firebase-ai-appj-9c9fa\",\"storageBucket\":\"sample-firebase-ai-appj-9c9fa.firebasestorage.app\"}","GCLOUD_PROJECT":"sample-firebase-ai-appj-9c9fa","EVENTARC_CLOUD_EVENT_SOURCE":"projects/sample-firebase-ai-appj-9c9fa/locations/us-central1/services/refresh","FUNCTION_TARGET":"refresh","LOG_EXECUTION_ID":"true","FUNCTION_SIGNATURE_TYPE":"http"},"maxInstanceCount":3,"ingressSettings":"ALLOW_ALL","uri":"https://refresh-hyh6wpyjpq-uc.a.run.app","serviceAccountEmail":"1021398475556-compute@developer.gserviceaccount.com","availableMemory":"256Mi","allTrafficOnLatestRevision":true,"revision":"refresh-00005-toy","maxInstanceRequestConcurrency":80,"availableCpu":"1"},"state":"ACTIVE","updateTime":"2026-05-19T13:43:59.526098541Z","labels":{"deployment-tool":"cli-firebase","firebase-functions-hash":"ebee7643ac26718c7470037170e047f49e25fe6d"},"environment":"GEN_2","url":"https://us-central1-sample-firebase-ai-appj-9c9fa.cloudfunctions.net/refresh","createTime":"2026-05-16T08:47:55.140327047Z","satisfiesPzi":true}}
[debug] [2026-05-19T13:44:11.820Z] Got source token Clhwcm9qZWN0cy8xMDIxMzk4NDc1NTU2L2xvY2F0aW9ucy91cy1jZW50cmFsMS9idWlsZHMvYThjZDkzOGItNTk0OS00MjRkLTlkNTctZjE4MWEyYzZkMTQ2EooBdXMtY2VudHJhbDEtZG9ja2VyLnBrZy5kZXYvc2FtcGxlLWZpcmViYXNlLWFpLWFwcGotOWM5ZmEvZ2NmLWFydGlmYWN0cy9zYW1wbGUtLWZpcmViYXNlLS1haS0tYXBwai0tOWM5ZmFfX3VzLS1jZW50cmFsMV9fZXhjaGFuZ2U6dmVyc2lvbl8xGKTG34DdHSJPcHJvamVjdHMvc2FtcGxlLWZpcmViYXNlLWFpLWFwcGotOWM5ZmEvbG9jYXRpb25zL3VzLWNlbnRyYWwxL2Z1bmN0aW9ucy9leGNoYW5nZSoMCJTSsdAGELD25tQCMghub2RlanMyMDp2CiNnY3IuaW8vZ2FlLXJ1bnRpbWVzL25vZGVqczIwOnN0YWJsZRJPdXMtY2VudHJhbDEtZG9ja2VyLnBrZy5kZXYvc2VydmVybGVzcy1ydW50aW1lcy9nb29nbGUtMjItZnVsbC9ydW50aW1lcy9ub2RlanMyMEAB for region us-central1
[info] +  functions[refresh(us-central1)] Successful update operation. 
[debug] [2026-05-19T13:44:11.837Z] Total Function Deployment time: 62237
[debug] [2026-05-19T13:44:11.837Z] 2 Functions Deployed
[debug] [2026-05-19T13:44:11.837Z] 0 Functions Errored
[debug] [2026-05-19T13:44:11.837Z] 0 Function Deployments Aborted
[debug] [2026-05-19T13:44:11.837Z] Average Function Deployment time: 56109
[info] Function URL (exchange(us-central1)): https://exchange-hyh6wpyjpq-uc.a.run.app
[info] Function URL (refresh(us-central1)): https://refresh-hyh6wpyjpq-uc.a.run.app
[debug] [2026-05-19T13:44:35.189Z] Checked if tokens are valid: true, expires at: 1779200491693
[debug] [2026-05-19T13:44:35.189Z] Checked if tokens are valid: true, expires at: 1779200491693
[debug] [2026-05-19T13:44:35.189Z] >>> [apiv2][query] GET https://artifactregistry.googleapis.com/v1/projects/sample-firebase-ai-appj-9c9fa/locations/us-central1/repositories/gcf-artifacts [none]
[debug] [2026-05-19T13:44:38.016Z] <<< [apiv2][status] GET https://artifactregistry.googleapis.com/v1/projects/sample-firebase-ai-appj-9c9fa/locations/us-central1/repositories/gcf-artifacts 200
[debug] [2026-05-19T13:44:38.016Z] <<< [apiv2][body] GET https://artifactregistry.googleapis.com/v1/projects/sample-firebase-ai-appj-9c9fa/locations/us-central1/repositories/gcf-artifacts {"name":"projects/sample-firebase-ai-appj-9c9fa/locations/us-central1/repositories/gcf-artifacts","format":"DOCKER","description":"This repository is created and used by Cloud Functions for storing function docker images.","labels":{"goog-managed-by":"cloudfunctions"},"createTime":"2026-05-15T19:52:55.562029Z","updateTime":"2026-05-19T13:43:44.581899Z","mode":"STANDARD_REPOSITORY","cleanupPolicies":{"firebase-functions-cleanup":{"id":"firebase-functions-cleanup","action":"DELETE","condition":{"tagState":"ANY","olderThan":"86400s"}}},"sizeBytes":"209213039","vulnerabilityScanningConfig":{"lastEnableTime":"2026-05-15T19:52:45.257727883Z","enablementState":"SCANNING_DISABLED","enablementStateReason":"API containerscanning.googleapis.com is not enabled."},"satisfiesPzi":true,"registryUri":"us-central1-docker.pkg.dev/sample-firebase-ai-appj-9c9fa/gcf-artifacts"}
[debug] [2026-05-19T13:44:38.017Z] [
  {
    "config": {
      "public": "build",
      "ignore": [
        "firebase.json",
        "**/.*",
        "**/node_modules/**"
      ],
      "rewrites": [
        {
          "source": "/api/exchange",
          "function": {
            "functionId": "exchange"
          }
        },
        {
          "source": "/api/refresh",
          "function": {
            "functionId": "refresh"
          }
        },
        {
          "source": "**",
          "destination": "/index.html"
        }
      ],
      "site": "sample-firebase-ai-appj-9c9fa"
    },
    "version": "projects/1021398475556/sites/sample-firebase-ai-appj-9c9fa/versions/58f4da193ebc07e7"
  }
]
[info] i  hosting[sample-firebase-ai-appj-9c9fa]: finalizing version... 
[debug] [2026-05-19T13:44:38.020Z] Checked if tokens are valid: true, expires at: 1779200491693
[debug] [2026-05-19T13:44:38.022Z] Checked if tokens are valid: true, expires at: 1779200491693
[debug] [2026-05-19T13:44:38.022Z] >>> [apiv2][query] PATCH https://firebasehosting.googleapis.com/v1beta1/projects/-/sites/sample-firebase-ai-appj-9c9fa/versions/58f4da193ebc07e7 updateMask=status%2Cconfig
[debug] [2026-05-19T13:44:38.022Z] >>> [apiv2][body] PATCH https://firebasehosting.googleapis.com/v1beta1/projects/-/sites/sample-firebase-ai-appj-9c9fa/versions/58f4da193ebc07e7 {"status":"FINALIZED","config":{"rewrites":[{"glob":"/api/exchange","run":{"serviceId":"exchange","region":"us-central1"}},{"glob":"/api/refresh","run":{"serviceId":"refresh","region":"us-central1"}},{"glob":"**","path":"/index.html"}]}}
[debug] [2026-05-19T13:44:39.842Z] <<< [apiv2][status] PATCH https://firebasehosting.googleapis.com/v1beta1/projects/-/sites/sample-firebase-ai-appj-9c9fa/versions/58f4da193ebc07e7 200
[debug] [2026-05-19T13:44:39.843Z] <<< [apiv2][body] PATCH https://firebasehosting.googleapis.com/v1beta1/projects/-/sites/sample-firebase-ai-appj-9c9fa/versions/58f4da193ebc07e7 {"name":"projects/1021398475556/sites/sample-firebase-ai-appj-9c9fa/versions/58f4da193ebc07e7","status":"FINALIZED","config":{"rewrites":[{"glob":"/api/exchange","run":{"serviceId":"exchange","region":"us-central1"}},{"glob":"/api/refresh","run":{"serviceId":"refresh","region":"us-central1"}},{"glob":"**","path":"/index.html"}]},"labels":{"deployment-tool":"cli-firebase"},"createTime":"2026-05-19T13:41:41.803241Z","createUser":{"email":"umair64066@gmail.com"},"finalizeTime":"2026-05-19T13:44:38.447339Z","finalizeUser":{"email":"umair64066@gmail.com"}}
[debug] [2026-05-19T13:44:39.843Z] [hosting] finalized version for sample-firebase-ai-appj-9c9fa:[object Object]
[info] +  hosting[sample-firebase-ai-appj-9c9fa]: version finalized 
[info] i  hosting[sample-firebase-ai-appj-9c9fa]: releasing new version... 
[debug] [2026-05-19T13:44:39.844Z] Checked if tokens are valid: true, expires at: 1779200491693
[debug] [2026-05-19T13:44:39.844Z] Checked if tokens are valid: true, expires at: 1779200491693
[debug] [2026-05-19T13:44:39.844Z] >>> [apiv2][query] POST https://firebasehosting.googleapis.com/v1beta1/projects/-/sites/sample-firebase-ai-appj-9c9fa/channels/live/releases versionName=projects%2F1021398475556%2Fsites%2Fsample-firebase-ai-appj-9c9fa%2Fversions%2F58f4da193ebc07e7
[debug] [2026-05-19T13:44:39.845Z] >>> [apiv2][body] POST https://firebasehosting.googleapis.com/v1beta1/projects/-/sites/sample-firebase-ai-appj-9c9fa/channels/live/releases {}
[debug] [2026-05-19T13:44:41.392Z] <<< [apiv2][status] POST https://firebasehosting.googleapis.com/v1beta1/projects/-/sites/sample-firebase-ai-appj-9c9fa/channels/live/releases 200
[debug] [2026-05-19T13:44:41.393Z] <<< [apiv2][body] POST https://firebasehosting.googleapis.com/v1beta1/projects/-/sites/sample-firebase-ai-appj-9c9fa/channels/live/releases {"name":"projects/1021398475556/sites/sample-firebase-ai-appj-9c9fa/channels/live/releases/1779198279298000","version":{"name":"projects/1021398475556/sites/sample-firebase-ai-appj-9c9fa/versions/58f4da193ebc07e7","status":"FINALIZED","config":{"rewrites":[{"glob":"/api/exchange","run":{"serviceId":"exchange","region":"us-central1"}},{"glob":"/api/refresh","run":{"serviceId":"refresh","region":"us-central1"}},{"glob":"**","path":"/index.html"}]},"labels":{"deployment-tool":"cli-firebase"},"createTime":"2026-05-19T13:41:41.803241Z","createUser":{"email":"umair64066@gmail.com","imageUrl":"https://lh3.googleusercontent.com/a/ACg8ocJSyMiqIN6A5AToPGPToM5Ud8Eof8n4Zp9vp9CWRVOi-SNhgbT2"},"finalizeTime":"2026-05-19T13:44:38.447339Z","finalizeUser":{"email":"umair64066@gmail.com","imageUrl":"https://lh3.googleusercontent.com/a/ACg8ocJSyMiqIN6A5AToPGPToM5Ud8Eof8n4Zp9vp9CWRVOi-SNhgbT2"}},"type":"DEPLOY","releaseTime":"2026-05-19T13:44:39.298Z","releaseUser":{"email":"umair64066@gmail.com","imageUrl":"https://lh3.googleusercontent.com/a/ACg8ocJSyMiqIN6A5AToPGPToM5Ud8Eof8n4Zp9vp9CWRVOi-SNhgbT2"}}
[debug] [2026-05-19T13:44:41.393Z] [hosting] release: {"name":"projects/1021398475556/sites/sample-firebase-ai-appj-9c9fa/channels/live/releases/1779198279298000","version":{"name":"projects/1021398475556/sites/sample-firebase-ai-appj-9c9fa/versions/58f4da193ebc07e7","status":"FINALIZED","config":{"rewrites":[{"glob":"/api/exchange","run":{"serviceId":"exchange","region":"us-central1"}},{"glob":"/api/refresh","run":{"serviceId":"refresh","region":"us-central1"}},{"glob":"**","path":"/index.html"}]},"labels":{"deployment-tool":"cli-firebase"},"createTime":"2026-05-19T13:41:41.803241Z","createUser":{"email":"umair64066@gmail.com","imageUrl":"https://lh3.googleusercontent.com/a/ACg8ocJSyMiqIN6A5AToPGPToM5Ud8Eof8n4Zp9vp9CWRVOi-SNhgbT2"},"finalizeTime":"2026-05-19T13:44:38.447339Z","finalizeUser":{"email":"umair64066@gmail.com","imageUrl":"https://lh3.googleusercontent.com/a/ACg8ocJSyMiqIN6A5AToPGPToM5Ud8Eof8n4Zp9vp9CWRVOi-SNhgbT2"}},"type":"DEPLOY","releaseTime":"2026-05-19T13:44:39.298Z","releaseUser":{"email":"umair64066@gmail.com","imageUrl":"https://lh3.googleusercontent.com/a/ACg8ocJSyMiqIN6A5AToPGPToM5Ud8Eof8n4Zp9vp9CWRVOi-SNhgbT2"}}
[info] +  hosting[sample-firebase-ai-appj-9c9fa]: release complete 
[info] 
[info] +  Deploy complete! 
[info] 
[info] Project Console: https://console.firebase.google.com/project/sample-firebase-ai-appj-9c9fa/overview
[info] Hosting URL: https://sample-firebase-ai-appj-9c9fa.web.app
[debug] [2026-05-19T13:44:51.343Z] Error: Timed out.
    at Timeout._onTimeout (C:\Users\umair\AppData\Roaming\npm\node_modules\firebase-tools\lib\utils.js:275:49)
    at listOnTimeout (node:internal/timers:581:17)
    at process.processTimers (node:internal/timers:519:7)
[error] 
[error] Error: An unexpected error has occurred.
